buildingname,buildingaddress,greenmarkrating,greenmarkyearaward,2017energyuseintensity,2018energyuseintensity
HEXACUBE,"160 CHANGI ROAD, SINGAPORE 419728",Not Rated,,81.0,105.0
,,Not Rated,,475.0,402.0
CITY SQUARE MALL,"180 KITCHENER ROAD, SINGAPORE 208539",Platinum,2018.0,382.0,365.0
REPUBLIC PLAZA,"9 RAFFLES PLACE, SINGAPORE 048619",Platinum,2018.0,212.0,183.0
CENTRAL MALL,"1 MAGAZINE ROAD, SINGAPORE 059567",Platinum,2017.0,203.0,181.0
KINEX,"11 TANJONG KATONG ROAD, SINGAPORE 437157",Gold,2015.0,431.0,396.0
UNITED SQUARE,"101 THOMSON ROAD, SINGAPORE 307591",Not Rated,,281.0,277.0
TIALOC CENTRE,"731 NORTH BRIDGE ROAD, SINGAPORE 198699",Not Rated,,197.0,220.0
HPL HOUSE,"50 CUSCADEN ROAD, SINGAPORE 249724",Not Rated,,278.0,269.0
,"69 KEONG SAIK ROAD, SINGAPORE 089165",Not Rated,,234.0,228.0
CMO BUILDING,"50 SOUTH BRIDGE ROAD, SINGAPORE 058682",Not Rated,,7.0,54.0
,"1 LORONG 14 GEYLANG, SINGAPORE 398913",Not Rated,,195.0,194.0
,"15 LORONG 22 GEYLANG, SINGAPORE 398673",Not Rated,,188.0,203.0
WANGZ HOTEL,"231 OUTRAM ROAD, SINGAPORE 169040",Not Rated,,400.0,394.0
,"33 LORONG 12 GEYLANG, SINGAPORE 399007",Not Rated,,344.0,361.0
,"759 MOUNTBATTEN ROAD, SINGAPORE 437761",Not Rated,,151.0,185.0
,"1 LORONG 10 GEYLANG, SINGAPORE 399035",Not Rated,,269.0,223.0
PARLIAMENT HOUSE COMPLEX,"1 PARLIAMENT PLACE, SINGAPORE 178880",Platinum,2015.0,127.0,132.0
BROADWAY HOTEL,"195 SERANGOON ROAD, SINGAPORE 218067",Not Rated,,247.0,253.0
GATEWAY EAST,"152 BEACH ROAD, SINGAPORE 189721",Not Rated,,201.0,190.0
,"9 JALAN BESAR, SINGAPORE 208786",Not Rated,,180.0,211.0
CHYE SING BUILDING,"87 BEACH ROAD, SINGAPORE 189695",Not Rated,,184.0,225.0
SIXTH AVENUE CENTRE,"805 BUKIT TIMAH ROAD, SINGAPORE 279883",Not Rated,,403.0,400.0
NOSTALGIA HOTEL,"77 TIONG BAHRU ROAD, SINGAPORE 168727",Not Rated,,422.0,412.0
CROWN CENTRE,"557 BUKIT TIMAH ROAD, SINGAPORE 269694",Not Rated,,445.0,509.0
,"19 LORONG 22 GEYLANG, SINGAPORE 398676",Not Rated,,288.0,313.0
GRACE GLOBAL RAFFLES,"137 MARKET STREET, SINGAPORE 048943",GoldPlus,2009.0,171.0,165.0
,"36 TEMPLE STREET, SINGAPORE 058581",Not Rated,,336.0,274.0
LIAN HUAT BUILDING,"163 TRAS STREET, SINGAPORE 079024",Not Rated,,106.0,106.0
THE GLOBE,"100 CECIL STREET, SINGAPORE 069532",Not Rated,,186.0,168.0
,"380 RACE COURSE ROAD, SINGAPORE 218702",Not Rated,,103.0,110.0
,"163 KITCHENER ROAD, SINGAPORE 208538",Not Rated,,175.0,170.0
YEE LAN COURT,"22 BUKIT PASOH ROAD, SINGAPORE 089836",Not Rated,,79.0,68.0
LEUNG KAI FOOK BUILDING,"84 SOUTH BRIDGE ROAD, SINGAPORE 058714",Not Rated,,86.0,82.0
WONG SHEE FUN BUILDING,"74 SOUTH BRIDGE ROAD, SINGAPORE 058704",Not Rated,,170.0,163.0
GOLDEN CASTLE BUILDING,"80 SOUTH BRIDGE ROAD, SINGAPORE 058710",Not Rated,,895.0,834.0
HIGH STREET PLAZA,"77 HIGH STREET, SINGAPORE 179433",Not Rated,,158.0,141.0
VIVO CITY,"1 HARBOURFRONT WALK, SINGAPORE 098585",Gold,2016.0,531.0,511.0
CAMERON HOTEL,"393F UPPER CHANGI ROAD, SINGAPORE 486917",Not Rated,,291.0,251.0
POH HENG BUILDING,"28 NORTH CANAL ROAD, SINGAPORE 059284",Not Rated,,221.0,220.0
CITY PLAZA,"810 GEYLANG ROAD, SINGAPORE 409286",Not Rated,,178.0,170.0
HOTEL 165,"165 KITCHENER ROAD, SINGAPORE 208532",Not Rated,,273.0,285.0
GRAND U HOTEL,"43 JALAN BESAR, SINGAPORE 208804",Not Rated,,429.0,425.0
BEAUTY WORLD CENTRE,"144 UPPER BUKIT TIMAH ROAD, SINGAPORE 588177",Not Rated,,163.0,124.0
OLD HILL STREET POLICE STATION,"140 HILL STREET, SINGAPORE 179369",Platinum,2017.0,209.0,134.0
MINISTRY OF MANPOWER BUILDING,"18 HAVELOCK ROAD, SINGAPORE 059764",Platinum,2014.0,134.0,138.0
MINISTRY OF MANPOWER SERVICES CENTRE,"1500 BENDEMEER ROAD, SINGAPORE 339946",Platinum,2016.0,133.0,132.0
HOTEL ROYAL @ QUEENS,"12 QUEEN STREET, SINGAPORE 188553",Gold,2016.0,233.0,230.0
,"301 SERANGOON ROAD, SINGAPORE 218224",Not Rated,,353.0,331.0
PERAK COURT,"25A PERAK ROAD, SINGAPORE 208136",Not Rated,,181.0,184.0
,"50 TIONG BAHRU ROAD, SINGAPORE 168733",Not Rated,,246.0,222.0
KECK SENG TOWER,"133 CECIL STREET, SINGAPORE 069535",Certified,2018.0,147.0,138.0
STRAND HOTEL,"25 BENCOOLEN STREET, SINGAPORE 189619",Not Rated,,366.0,367.0
,"240 JALAN BESAR, SINGAPORE 208913",Not Rated,,243.0,251.0
ONE RAFFLES LINK,"1 RAFFLES LINK, SINGAPORE 039393",GoldPlus,2018.0,415.0,386.0
SCOTTSWALK,"25 SCOTTS ROAD, SINGAPORE 228220",Gold,2013.0,280.0,273.0
,"37 LORONG 8 GEYLANG, SINGAPORE 399099",Not Rated,,96.0,118.0
THE CONCOURSE,"300 BEACH ROAD, SINGAPORE 199555",Platinum,2013.0,134.0,132.0
KIM TIAN (STAR) HOTEL,"4 LORONG 6 GEYLANG, SINGAPORE 399166",Not Rated,,191.0,175.0
KIM TIAN HOTEL (HAN),"29 LORONG 4 GEYLANG, SINGAPORE 399281",Not Rated,,235.0,224.0
,"21 LORONG 22 GEYLANG, SINGAPORE 398678",Not Rated,,152.0,139.0
GSM BUILDING,"141 MIDDLE ROAD, SINGAPORE 188976",Not Rated,,195.0,201.0
,,Not Rated,,322.0,322.0
MAXWELL CHAMBERS,"32 MAXWELL ROAD, SINGAPORE 069115",Not Rated,,248.0,274.0
,,Not Rated,,357.0,340.0
,,Not Rated,,398.0,274.0
,,Not Rated,,224.0,185.0
EFG BANK BUILDING,"25 NORTH BRIDGE ROAD, SINGAPORE 179104",Not Rated,,272.0,259.0
,,Not Rated,,79.0,84.0
YUE HWA (NAM TIN) BUILDING,"70 EU TONG SEN STREET, SINGAPORE 059805",Not Rated,,375.0,360.0
AIA TOWER,"1 ROBINSON ROAD, SINGAPORE 048542",Certified,2016.0,222.0,233.0
AIA ALEXANDRA,"371 ALEXANDRA ROAD, SINGAPORE 159963",Certified,2017.0,266.0,247.0
,"1 KEONG SAIK ROAD, SINGAPORE 089109",Not Rated,,296.0,289.0
,,Not Rated,,241.0,238.0
ST. ANDREW'S CENTRE,"250 TANJONG PAGAR ROAD, SINGAPORE 088541",Not Rated,,147.0,149.0
SAINT ANDREW'S COMMUNITY HOSPITAL,"8 SIMEI STREET 3, SINGAPORE 529895",Not Rated,,181.0,180.0
HQ SINGAPORE CIVIL DEFENCE FORCE,"91 UBI AVENUE 4, SINGAPORE 408827",Not Rated,,187.0,171.0
CIVIL DEFENCE ACADEMY,"101 JALAN BAHAR, SINGAPORE 649734",Not Rated,,122.0,121.0
PRAWN WORLD BUILDING,"473 BALESTIER ROAD, SINGAPORE 329843",Not Rated,,158.0,121.0
BUKIT TIMAH PLAZA,"1 JALAN ANAK BUKIT, SINGAPORE 588996",Gold,2012.0,380.0,366.0
FAR EAST PLAZA,"14 SCOTTS ROAD, SINGAPORE 228213",GoldPlus,2014.0,329.0,334.0
MMI BUILDING,"72 SOUTH BRIDGE ROAD, SINGAPORE 058702",Not Rated,,155.0,172.0
MMI BUILDING II,"70 SOUTH BRIDGE ROAD, SINGAPORE 058700",Not Rated,,94.0,109.0
THE GRANDPLUS,"163 GEYLANG ROAD, SINGAPORE 389240",Not Rated,,316.0,269.0
TAN CHONG TOWER,"15 QUEEN STREET, SINGAPORE 188537",Not Rated,,250.0,235.0
PUBLIC MANSIONS,"432 BALESTIER ROAD, SINGAPORE 329813",Not Rated,,70.0,63.0
SWISSOTEL MERCHANT COURT SINGAPORE,"20 MERCHANT ROAD, SINGAPORE 058281",Platinum,2018.0,208.0,210.0
NEX,"23 SERANGOON CENTRAL, SINGAPORE 556083",Gold,2017.0,499.0,486.0
GENTING HOTEL JURONG,"2 TOWN HALL LINK, SINGAPORE 608516",Platinum,2015.0,254.0,251.0
GENTING CENTRE,"3 LIM TECK KIM ROAD, SINGAPORE 088934",Not Rated,,250.0,224.0
RESORTS WORLD SENTOSA,"8 SENTOSA GATEWAY, SINGAPORE 098269",Platinum,2017.0,493.0,485.0
SANDPIPER HOTEL,"63 DUNLOP STREET, SINGAPORE 209391",Not Rated,,190.0,190.0
PIL BUILDING,"140 CECIL STREET, SINGAPORE 069540",Not Rated,,286.0,300.0
KH KEA BUILDING,"333 NORTH BRIDGE ROAD, SINGAPORE 188721",Not Rated,,474.0,493.0
,"79 ALIWAL STREET, SINGAPORE 199949",Not Rated,,140.0,164.0
NORDIC EUROPEAN CENTRE,"3 INTERNATIONAL BUSINESS PARK, SINGAPORE 609927",Not Rated,,118.0,118.0
CHINATOWN POINT,"133 NEW BRIDGE ROAD, SINGAPORE 059413",Certified,2018.0,345.0,322.0
,"80 ROBINSON ROAD, SINGAPORE 068898",Not Rated,,170.0,154.0
OUE DOWNTOWN,"6 SHENTON WAY, SINGAPORE 068809",Certified,2017.0,159.0,181.0
AMCIS HOUSE,"16 UPPER CIRCULAR ROAD, SINGAPORE 058414",Not Rated,,164.0,167.0
,"36 PURVIS STREET, SINGAPORE 188613",Not Rated,,522.0,537.0
ORCHARD PLAZA,"150 ORCHARD ROAD, SINGAPORE 238841",GoldPlus,2017.0,213.0,218.0
YTC BUILDING,"33 MAUDE ROAD, SINGAPORE 208344",Not Rated,,110.0,125.0
THE OXLEY,"9 OXLEY RISE, SINGAPORE 238697",Not Rated,,114.0,105.0
GOODMAN ARTS CENTRE,"90 GOODMAN ROAD, SINGAPORE 439053",Not Rated,,119.0,117.0
KAM LENG HOTEL,"383 JALAN BESAR, SINGAPORE 209001",Not Rated,,262.0,194.0
,,Not Rated,,442.0,398.0
,"9 TAMPINES GRANDE, SINGAPORE 528735",Platinum,2018.0,170.0,166.0
,"11 TAMPINES CONCOURSE, SINGAPORE 528729",GoldPlus,2018.0,205.0,196.0
,"10 LORONG 9 GEYLANG, SINGAPORE 388758",Not Rated,,145.0,140.0
NGEE ANN POLYTECHNIC,"535 CLEMENTI ROAD, SINGAPORE 599489",GoldPlus,2016.0,86.0,82.0
KK WOMEN'S AND CHILDREN'S HOSPITAL,"100 BUKIT TIMAH ROAD, SINGAPORE 229899",Not Rated,,344.0,336.0
INSTITUTE OF MENTAL HEALTH,"10 BUANGKOK VIEW, SINGAPORE 539747",GoldPlus,2015.0,82.0,71.0
,,Not Rated,,90.0,91.0
TEMASEK POLYTECHNIC,"21 TAMPINES AVENUE 1, SINGAPORE 529757",Platinum,2016.0,17.0,105.0
,"1 TELOK BLANGAH RISE, SINGAPORE 098888",Not Rated,,31.0,40.0
SO SOFITEL SINGAPORE,"35 ROBINSON ROAD, SINGAPORE 068876",Platinum,2016.0,335.0,328.0
SINGAPORE MANAGEMENT UNIVERSITY,"50 STAMFORD ROAD, SINGAPORE 178899",Platinum,2014.0,144.0,145.0
,"81 VICTORIA STREET, SINGAPORE 188065",Platinum,2013.0,136.0,133.0
,"461 CLEMENTI ROAD, SINGAPORE 599491",GoldPlus,2014.0,144.0,144.0
NATIONAL HEART CENTRE OF SINGAPORE,"5 HOSPITAL DRIVE, SINGAPORE 169609",Platinum,2014.0,300.0,306.0
KWONG WAI SHIU HOSPITAL,"705 SERANGOON ROAD, SINGAPORE 328127",Not Rated,,34.0,72.0
SINGAPORE GENERAL HOSPITAL,"1 HOSPITAL DRIVE, SINGAPORE 169608",Not Rated,,580.0,578.0
THE TREASURY,"100 HIGH STREET, SINGAPORE 179434",Platinum,2017.0,142.0,134.0
,"930 YISHUN AVENUE 2, SINGAPORE 769098",Gold,2017.0,468.0,594.0
HOTEL MIRAMAR,"401 HAVELOCK ROAD, SINGAPORE 169631",Not Rated,,208.0,184.0
,,Not Rated,,156.0,148.0
,"34 JALAN EUNOS, SINGAPORE 419496",Not Rated,,30.0,31.0
CHANGI GENERAL HOSPITAL,"2 SIMEI STREET 3, SINGAPORE 529889",Not Rated,,365.0,357.0
,"501 STIRLING ROAD, SINGAPORE 148951",GoldPlus,2013.0,110.0,105.0
GB BUILDING,"143 CECIL STREET, SINGAPORE 069542",Not Rated,,174.0,177.0
SINGAPORE INSTITUTE OF MANAGEMENT,"41 NAMLY AVENUE, SINGAPORE 267616",Not Rated,,122.0,141.0
CAMDEN CENTRE,"1 ORCHARD BOULEVARD, SINGAPORE 248649",Not Rated,,227.0,230.0
KHOO TECK PUAT HOSPITAL,"90 YISHUN CENTRAL, SINGAPORE 768828",Platinum,2010.0,311.0,311.0
,,Not Rated,,56.0,59.0
NATIONAL CANCER CENTRE,"11 HOSPITAL DRIVE, SINGAPORE 169610",Not Rated,,595.0,583.0
,,Not Rated,,282.0,286.0
NKF CENTRE,"81 KIM KEAT ROAD, SINGAPORE 328836",Not Rated,,152.0,150.0
INCOME AT RAFFLES,"16 COLLYER QUAY, SINGAPORE 049318",Not Rated,,250.0,243.0
VILLAGE HOTEL CHANGI,"1 NETHERAVON ROAD, SINGAPORE 508502",Not Rated,,226.0,226.0
,,Not Rated,,217.0,212.0
VILLAGE HOTEL KATONG,"25 MARINE PARADE, SINGAPORE 449536",Certified,2013.0,207.0,211.0
ASSOCIATION BUILDING,"68 LORONG 16 GEYLANG, SINGAPORE 398889",Not Rated,,541.0,563.0
,"30 MOSQUE STREET, SINGAPORE 059508",Not Rated,,674.0,687.0
,,Not Rated,,171.0,165.0
AN CHUAN BUILDING,"27 PURVIS STREET, SINGAPORE 188604",Not Rated,,138.0,140.0
ASO BUILDING,"8 ROBINSON ROAD, SINGAPORE 048544",Not Rated,,165.0,160.0
,"11 MANDALAY ROAD, SINGAPORE 308232",Platinum,2015.0,2188.0,2750.0
NANYANG TECHNOLOGICAL UNIVERSITY,"50 NANYANG AVENUE, SINGAPORE 639798",Platinum,2016.0,605.0,594.0
,,Not Rated,,269.0,264.0
,"405 HAVELOCK ROAD, SINGAPORE 169633",Platinum,2018.0,228.0,256.0
TELOK AYER FESTIVAL MARKET,"18 RAFFLES QUAY, SINGAPORE 048582",Not Rated,,611.0,578.0
,,Not Rated,,261.0,252.0
313 @ SOMERSET,"313 ORCHARD ROAD, SINGAPORE 238895",Platinum,2016.0,515.0,513.0
SINGAPORE LAND TOWER,"50 RAFFLES PLACE, SINGAPORE 048623",Not Rated,,269.0,264.0
CPF TAMPINES BUILDING,"1 TAMPINES CENTRAL 5, SINGAPORE 529508",Not Rated,,401.0,359.0
CPF BISHAN BUILDING,"3 BISHAN PLACE, SINGAPORE 579838",Not Rated,,807.0,796.0
CPF JURONG BUILDING,"21 JURONG GATEWAY ROAD, SINGAPORE 608546",Not Rated,,230.0,228.0
OG ALBERT COMPLEX,"60 ALBERT STREET, SINGAPORE 189969",Gold,2015.0,188.0,181.0
OG ORCHARD POINT,"160 ORCHARD ROAD, SINGAPORE 238842",Not Rated,,179.0,161.0
OG ORCHARD,"228 ORCHARD ROAD, SINGAPORE 238853",Not Rated,,300.0,276.0
OG BUILDING,"100 UPPER CROSS STREET, SINGAPORE 058360",Not Rated,,273.0,260.0
TOKIO MARINE CENTRE,"20 MCCALLUM STREET, SINGAPORE 069046",GoldPlus,2008.0,157.0,160.0
,"1 RAFFLES QUAY, SINGAPORE 048583",Platinum,2016.0,274.0,250.0
HIGH STREET CENTRE,"1 NORTH BRIDGE ROAD, SINGAPORE 179094",Platinum,2018.0,174.0,165.0
MUSTAFA CENTRE,"145 SYED ALWI ROAD, SINGAPORE 207704",Not Rated,,785.0,732.0
WEST MALL,"1 BUKIT BATOK CENTRAL LINK, SINGAPORE 658713",Gold,2013.0,472.0,483.0
,"22 JALAN MOLEK, SINGAPORE 399541",Not Rated,,113.0,121.0
BOON SIEW BUILDING,"75 BUKIT TIMAH ROAD, SINGAPORE 229833",Not Rated,,131.0,130.0
GERMAN CENTRE,"25 INTERNATIONAL BUSINESS PARK, SINGAPORE 609916",Platinum,2015.0,113.0,111.0
,,Not Rated,,179.0,147.0
ANSON HOUSE,"72 ANSON ROAD, SINGAPORE 079911",Not Rated,,200.0,194.0
MITSUBISHI ELECTRIC BUILDING,"307 ALEXANDRA ROAD, SINGAPORE 159943",Platinum,2014.0,94.0,95.0
COLD STORAGE JELITA,"293 HOLLAND ROAD, SINGAPORE 278628",Not Rated,,756.0,753.0
,"11 KENG CHEOW STREET, SINGAPORE 059608",Not Rated,,286.0,275.0
,"61 WESTERHOUT ROAD, SINGAPORE 397662",Not Rated,,195.0,189.0
,"96 SOMERSET ROAD, SINGAPORE 238163",Not Rated,,261.0,259.0
,"15 MERBAU ROAD, SINGAPORE 239032",Not Rated,,319.0,306.0
ARIANNA HOTEL,"83 SYED ALWI ROAD, SINGAPORE 207662",Not Rated,,268.0,223.0
ENVIRONMENT BUILDING,"40 SCOTTS ROAD, SINGAPORE 228231",Platinum,2018.0,134.0,122.0
LLOYD'S INN,"2 LLOYD ROAD, SINGAPORE 239091",Not Rated,,312.0,329.0
,"488 GEYLANG ROAD, SINGAPORE 389447",Not Rated,,98.0,83.0
MANDARIN ORCHARD SINGAPORE,"333 ORCHARD ROAD, SINGAPORE 238867",Certified,2016.0,220.0,217.0
TAN EAN KIAM BUILDING,"15 PHILLIP STREET, SINGAPORE 048694",Not Rated,,252.0,251.0
ORCHARD TOWERS,"400 ORCHARD ROAD, SINGAPORE 238875",Certified,2016.0,174.0,173.0
BCH@301,"301 GEYLANG ROAD, SINGAPORE 389344",Not Rated,,350.0,379.0
PARKVIEW SQUARE,"600 NORTH BRIDGE ROAD, SINGAPORE 188778",Not Rated,,229.0,237.0
STUDIO M HOTEL,"3 NANSON ROAD, SINGAPORE 238910",Gold,2018.0,434.0,429.0
,"757 GEYLANG ROAD, SINGAPORE 389659",Not Rated,,265.0,269.0
FAR EAST FINANCE BUILDING,"14 ROBINSON ROAD, SINGAPORE 048545",Not Rated,,127.0,122.0
BCA ACADEMY OF THE BUILT ENVIRONMENT,"200 BRADDELL ROAD, SINGAPORE 579700",Platinum,2017.0,43.0,41.0
MARINA BAY SANDS,"1 BAYFRONT AVENUE, SINGAPORE 018971",Platinum,2018.0,301.0,297.0
KATONG PLAZA,"1 BROOKE ROAD, SINGAPORE 429979",Not Rated,,241.0,246.0
SGX CENTRE II,"4 SHENTON WAY, SINGAPORE 068807",Not Rated,,329.0,332.0
SGX CENTRE I,"2 SHENTON WAY, SINGAPORE 068804",Not Rated,,315.0,291.0
SINGAPORE SHOPPING CENTRE,"190 CLEMENCEAU AVENUE, SINGAPORE 239924",Gold,2016.0,171.0,184.0
PALAIS RENAISSANCE,"390 ORCHARD ROAD, SINGAPORE 238871",Platinum,2017.0,201.0,184.0
,"6 RAFFLES QUAY, SINGAPORE 048580",Not Rated,,268.0,256.0
,"501 OLD CHOA CHU KANG ROAD, SINGAPORE 698928",Not Rated,,133.0,120.0
,"47 PAGODA STREET, SINGAPORE 059206",Not Rated,,478.0,429.0
RHB BANK BUILDING,"90 CECIL STREET, SINGAPORE 069531",Not Rated,,215.0,216.0
IBIS SINGAPORE NOVENA,"6 IRRAWADDY ROAD, SINGAPORE 329543",Platinum,2015.0,335.0,276.0
XY HOTEL BUGIS SINGAPORE,"11 JALAN KLAPA, SINGAPORE 199323",Not Rated,,158.0,264.0
,"2 JALAN PINANG, SINGAPORE 199150",Not Rated,,99.0,106.0
MAPLETREE BUSINESS CITY,"20 PASIR PANJANG ROAD, SINGAPORE 117439",Platinum,2014.0,269.6565547128927,267.3911159263272
MAPLETREE BUSINESS CITY,"10 PASIR PANJANG ROAD, SINGAPORE 117438",Platinum,2016.0,232.0,249.0
,,Not Rated,,236.0,250.0
THE HOUSE OF EDEN,"4 ROBINSON ROAD, SINGAPORE 048543",Not Rated,,203.0,201.0
ROYAL MERUKH S.E.A,"21 MERCHANT ROAD, SINGAPORE 058267",Not Rated,,168.0,161.0
,,Not Rated,,641.0,617.0
WISMA ATRIA,"435 ORCHARD ROAD, SINGAPORE 238877",Not Rated,,378.0,401.0
,"347 BALESTIER ROAD, SINGAPORE 329777",Not Rated,,224.0,231.0
30 BENCOOLEN,"30 BENCOOLEN STREET, SINGAPORE 189621",Not Rated,,58.0,187.0
SP CORNER,"202 SERANGOON ROAD, SINGAPORE 218069",Not Rated,,312.0,233.0
,,Not Rated,,236.0,231.0
,,Not Rated,,158.0,151.0
SUMMER VIEW HOTEL,"173 BENCOOLEN STREET, SINGAPORE 189642",Not Rated,,225.0,223.0
FORUM,"583 ORCHARD ROAD, SINGAPORE 238884",Not Rated,,394.0,381.0
,,Not Rated,,299.0,274.0
SHERATON TOWERS HOTEL,"39 SCOTTS ROAD, SINGAPORE 228230",Platinum,2015.0,250.0,249.0
HOTEL COMPASS,"36 LORONG 22 GEYLANG, SINGAPORE 398693",Not Rated,,272.0,261.0
QUEENSWAY SHOPPING CENTRE/QUEENSWAY TOWER,"1 QUEENSWAY, SINGAPORE 149053",Not Rated,,338.0,334.0
JUN XIN BUILDING,"402 NORTH BRIDGE ROAD, SINGAPORE 188722",Not Rated,,180.0,165.0
FU LU SHOU COMPLEX,"149 ROCHOR ROAD, SINGAPORE 188425",Not Rated,,239.0,256.0
PEACE CENTRE,"1 SOPHIA ROAD, SINGAPORE 228149",Not Rated,,255.0,257.0
LUBRITRADE BUILDING,"408 NORTH BRIDGE ROAD, SINGAPORE 188725",Not Rated,,236.0,244.0
SEACARE BUILDING,"52 CHIN SWEE ROAD, SINGAPORE 169875",Not Rated,,206.0,216.0
AXA TOWER,"8 SHENTON WAY, SINGAPORE 068811",Platinum,2012.0,156.0,151.0
,"8 INTERNATIONAL BUSINESS PARK, SINGAPORE 609925",Not Rated,,1008.0,1056.0
,,Not Rated,,216.0,208.0
,,Not Rated,,453.0,450.0
SOUTH EAST ASIA HOTEL,"190 WATERLOO STREET, SINGAPORE 187965",Not Rated,,202.0,193.0
GOLDEN ROYAL HOTEL,"51 DESKER ROAD, SINGAPORE 209645",Not Rated,,179.0,181.0
,"88 SYED ALWI ROAD, SINGAPORE 207667",Not Rated,,472.0,461.0
MOON 23 HOTEL,"23 DICKSON ROAD, SINGAPORE 209507",Not Rated,,323.0,329.0
,,Not Rated,,546.0,568.0
RELC BUILDING,"30 ORANGE GROVE ROAD, SINGAPORE 258352",GoldPlus,2016.0,94.0,101.0
SULTAN PLAZA,"100 JALAN SULTAN, SINGAPORE 199001",Not Rated,,267.0,246.0
NEHSONS BUILDING,"24 PECK SEAH STREET, SINGAPORE 079314",Not Rated,,178.0,165.0
,"441 BALESTIER ROAD, SINGAPORE 329820",Not Rated,,256.0,259.0
,,Not Rated,,116.0,117.0
WINSLAND HOUSE II,"163 PENANG ROAD, SINGAPORE 238463",GoldPlus,2014.0,168.0,159.0
WINSLAND HOUSE I,"3 KILLINEY ROAD, SINGAPORE 239519",GoldPlus,2017.0,152.0,140.0
THE CENTREPOINT,"176 ORCHARD ROAD, SINGAPORE 238843",Not Rated,,356.0,341.0
,,Not Rated,,207.0,200.0
,,Not Rated,,296.0,316.0
,,Not Rated,,225.0,227.0
PARK HOTEL CLARKE QUAY,"1 UNITY STREET, SINGAPORE 237983",Not Rated,,310.0,314.0
GRAND PARK CITY HALL,"10 COLEMAN STREET, SINGAPORE 179809",Not Rated,,187.0,179.0
,,Not Rated,,361.0,326.0
ROBINSON 112,"112 ROBINSON ROAD, SINGAPORE 068902",Not Rated,,200.0,200.0
ANSON CENTRE,"51 ANSON ROAD, SINGAPORE 079904",Not Rated,,161.0,153.0
PACIFIC PLAZA,"9 SCOTTS ROAD, SINGAPORE 228210",Not Rated,,427.0,398.0
ORCHARD PARADE HOTEL,"1 TANGLIN ROAD, SINGAPORE 247905",Gold,2014.0,247.0,238.0
THE ELIZABETH,"24 MOUNT ELIZABETH, SINGAPORE 228518",Not Rated,,270.0,254.0
SUPREME COURT BUILDING,"1 SUPREME COURT LANE, SINGAPORE 178879",Not Rated,,153.0,148.0
RIVERSIDE POINT,"30 MERCHANT ROAD, SINGAPORE 058282",Not Rated,,410.0,414.0
COLLEGE OF MEDICINE BUILDING,"16 COLLEGE ROAD, SINGAPORE 169854",Not Rated,,121.0,119.0
ISCA HOUSE,"60 CECIL STREET, SINGAPORE 049709",Not Rated,,278.0,312.0
BANK OF CHINA BUILDING,"4 BATTERY ROAD, SINGAPORE 049908",Not Rated,,367.0,373.0
BOC PLAZA,"133 MIDDLE ROAD, SINGAPORE 188974",Not Rated,,188.0,208.0
,"32 LORONG 8 GEYLANG, SINGAPORE 399096",Not Rated,,209.0,222.0
ANN KWAY BUILDING,"265 NEW BRIDGE ROAD, SINGAPORE 088745",Not Rated,,261.0,268.0
FORTUNA HOTEL,"2 OWEN ROAD, SINGAPORE 218842",Not Rated,,207.0,219.0
KINGLY BUILDING,"46 SOUTH BRIDGE ROAD, SINGAPORE 058679",Not Rated,,211.0,217.0
HONG LEONG BUILDING,"16 RAFFLES QUAY, SINGAPORE 048581",Not Rated,,266.0,256.0
OXFORD HOTEL,"218 QUEEN STREET, SINGAPORE 188549",Not Rated,,284.0,273.0
WISMA ALSAGOFF,"520 NORTH BRIDGE ROAD, SINGAPORE 188742",Not Rated,,188.0,200.0
THE URA CENTRE,"45 MAXWELL ROAD, SINGAPORE 069118",Platinum,2017.0,152.0,146.0
TWIN HEIGHTS,"350 BALESTIER ROAD, SINGAPORE 329779",Not Rated,,368.0,344.0
20 COLLYER QUAY,"20 COLLYER QUAY, SINGAPORE 049319",Not Rated,,193.0,189.0
CHENN LEONN BUILDING,"3 ALIWAL STREET, SINGAPORE 199896",Not Rated,,120.0,182.0
CHENN LEONN BUILDING,"7 ALIWAL STREET, SINGAPORE 199900",Not Rated,,108.0,107.0
CHENN LEONN BUILDING,"1 ALIWAL STREET, SINGAPORE 199894",Not Rated,,229.0,226.0
CHENN LEONN BUILDING,"5 ALIWAL STREET, SINGAPORE 199898",Not Rated,,102.0,131.0
,,Not Rated,,225.0,215.0
ODEON TOWERS,"331 NORTH BRIDGE ROAD, SINGAPORE 188720",Not Rated,,251.0,256.0
KING'S CENTRE,"390 HAVELOCK ROAD, SINGAPORE 169662",Platinum,2017.0,219.0,205.0
QUAYSIDE ISLE,"31 OCEAN WAY, SINGAPORE 098375",Platinum,2017.0,595.0,603.0
NOVOTEL SINGAPORE CLARKE QUAY,"177A RIVER VALLEY ROAD, SINGAPORE 179031",GoldPlus,2017.0,245.0,240.0
,"1001 UPPER SERANGOON ROAD, SINGAPORE 534739",Not Rated,,154.0,156.0
,"175A CHIN SWEE ROAD, SINGAPORE 169879",Not Rated,,378.0,348.0
FORTUNE CENTRE,"190 MIDDLE ROAD, SINGAPORE 188979",Gold,2015.0,189.0,190.0
,,Not Rated,,276.0,272.0
,,Not Rated,,128.0,128.0
,,Not Rated,,592.0,587.0
HOTEL SUPREME,"15 KRAMAT ROAD, SINGAPORE 228750",Not Rated,,218.0,215.0
,"25 TRENGGANU STREET, SINGAPORE 058476",Not Rated,,229.0,266.0
ROYAL ONE PHILLIP,"1 PHILLIP STREET, SINGAPORE 048692",Not Rated,,118.0,130.0
ROYAL GROUP BUILDING,"3 PHILLIP STREET, SINGAPORE 048693",Not Rated,,205.0,201.0
,"158 CECIL STREET, SINGAPORE 069545",Gold,2015.0,225.0,218.0
WILMER PLACE,"50 ARMENIAN STREET, SINGAPORE 179938",Not Rated,,149.0,166.0
MEWAH BUILDING,"5 INTERNATIONAL BUSINESS PARK, SINGAPORE 609914",Not Rated,,131.0,110.0
THE CO BUILDING,"75 HIGH STREET, SINGAPORE 179435",Not Rated,,136.0,136.0
CONCORDE SHOPPING CENTRE,"317 OUTRAM ROAD, SINGAPORE 169075",GoldPlus,2018.0,267.0,216.0
,,Not Rated,,139.0,211.0
TANGLIN MALL,"163 TANGLIN ROAD, SINGAPORE 247933",Not Rated,,523.0,522.0
TANGLIN PLACE,"91 TANGLIN ROAD, SINGAPORE 247918",Not Rated,,223.0,212.0
,,Not Rated,,157.0,154.0
,,Not Rated,,189.0,180.0
THE DAULAT,"16 MADRAS STREET, SINGAPORE 208413",Not Rated,,323.0,319.0
THE SIGNATURE,"51 CHANGI BUSINESS PARK CENTRAL 2, SINGAPORE 486066",Gold,2016.0,132.0,132.0
THONG TECK BUILDING,"15 SCOTTS ROAD, SINGAPORE 228218",Not Rated,,140.0,102.0
DYNASTY TRAVEL HUB,"35 NEW BRIDGE ROAD, SINGAPORE 059395",Not Rated,,341.0,330.0
SOLARIS,"1 FUSIONOPOLIS WALK, SINGAPORE 138628",Platinum,2015.0,127.0,132.0
,,Not Rated,,226.0,209.0
,,Not Rated,,205.0,201.0
,,Not Rated,,194.0,182.0
,,Not Rated,,210.0,214.0
,,Not Rated,,268.0,258.0
,,Not Rated,,466.0,448.0
,,Not Rated,,174.0,176.0
,,Not Rated,,377.0,406.0
CHIN KANG BUILDING,"29 BUKIT PASOH ROAD, SINGAPORE 089843",Not Rated,,87.0,87.0
,,Not Rated,,272.0,266.0
,,Not Rated,,121.0,128.0
,"112 SIMS AVENUE, SINGAPORE 387436",Not Rated,,283.0,415.0
KHENG CHIU BUILDING,"47 BEACH ROAD, SINGAPORE 189683",Not Rated,,61.0,56.0
MALACCA CENTRE,"20 MALACCA STREET, SINGAPORE 048979",Not Rated,,152.0,144.0
BUGIS POINT,"530 NORTH BRIDGE ROAD, SINGAPORE 188747",Not Rated,,324.0,275.0
SIM LIAN,"205 UPPER BUKIT TIMAH ROAD, SINGAPORE 588181",Not Rated,,152.0,148.0
,"191 UPPER BUKIT TIMAH ROAD, SINGAPORE 588180",Not Rated,,233.0,255.0
ORANGETEE BUILDING,"430 LORONG 6 TOA PAYOH, SINGAPORE 319402",Not Rated,,293.0,340.0
AMARIS BY SANTIKA,"21 MIDDLE ROAD, SINGAPORE 188931",Not Rated,,193.0,196.0
TANGLIN SHOPPING CENTRE,"19 TANGLIN ROAD, SINGAPORE 247909",Not Rated,,219.0,209.0
,,Not Rated,,293.0,305.0
SIF BUILDING,"96 ROBINSON ROAD, SINGAPORE 068899",Not Rated,,249.0,245.0
TUNG ANN ASSOCIATION BUILDING,"141 CECIL STREET, SINGAPORE 069541",Not Rated,,158.0,173.0
,,Not Rated,,502.0,489.0
,"18 JALAN MOLEK, SINGAPORE 399535",Not Rated,,124.0,121.0
MALACCA HOTEL,"97 STILL ROAD, SINGAPORE 423988",Not Rated,,316.0,330.0
THE GREENWICH,"1 SELETAR ROAD, SINGAPORE 807011",Certified,2011.0,348.0,388.0
,,Not Rated,,316.0,322.0
ITE COLLEGE CENTRAL,"2 ANG MO KIO DRIVE, SINGAPORE 567720",Platinum,2017.0,104.0,102.0
ITE COLLEGE EAST,"10 SIMEI AVENUE, SINGAPORE 486047",Platinum,2018.0,103.0,100.0
THE BRITISH COUNCIL,"30 NAPIER ROAD, SINGAPORE 258509",Not Rated,,286.0,274.0
MOUNT ELIZABETH HOSPITAL,"3 MOUNT ELIZABETH, SINGAPORE 228510",Not Rated,,373.0,375.0
,"38 IRRAWADDY ROAD, SINGAPORE 329563",Platinum,2014.0,360.0,364.0
COURTAULDS HOUSE,"215 UPPER BUKIT TIMAH ROAD, SINGAPORE 588184",Not Rated,,62.0,64.0
GREAT EASTERN HOUSE,"49 BEACH ROAD, SINGAPORE 189685",Not Rated,,314.0,310.0
GREAT EASTERN @ CHANGI,"200 CHANGI ROAD, SINGAPORE 419734",Not Rated,,109.0,103.0
HOTEL CONFORTO,"16 CARPENTER STREET, SINGAPORE 059905",Not Rated,,145.0,124.0
WANDERLUST HOTEL,"2 DICKSON ROAD, SINGAPORE 209494",Not Rated,,727.0,675.0
,,Not Rated,,412.0,422.0
PENTA HOTEL,"33 BIRCH ROAD, SINGAPORE 219894",Not Rated,,304.0,290.0
,,Not Rated,,220.0,216.0
SMA HOUSE,"20 ORCHARD ROAD, SINGAPORE 238830",Not Rated,,160.0,171.0
,,Not Rated,,225.0,171.0
PIXEL,"10 CENTRAL EXCHANGE GREEN, SINGAPORE 138649",Not Rated,,93.0,113.0
THE MAJESTIC,"80 EU TONG SEN STREET, SINGAPORE 059810",Not Rated,,264.0,266.0
SINGAPORE RACECOURSE,"1 TURF CLUB AVENUE, SINGAPORE 738078",Not Rated,,167.0,161.0
,,Not Rated,,122.0,120.0
SECOND AVENUE JUNCTION,"733 BUKIT TIMAH ROAD, SINGAPORE 269748",Not Rated,,293.0,277.0
HARBOUR VILLE,"512 KAMPONG BAHRU ROAD, SINGAPORE 099448",Not Rated,,520.0,548.0
KING'S ARCADE,"559 BUKIT TIMAH ROAD, SINGAPORE 269695",Not Rated,,241.0,245.0
ROXY SQUARE,"50 EAST COAST ROAD, SINGAPORE 428769",Not Rated,,162.0,158.0
SPA BUILDING,"5 VERDUN ROAD, SINGAPORE 207274",Not Rated,,143.0,133.0
TAI WAH BUILDING,"110 KILLINEY ROAD, SINGAPORE 239549",Not Rated,,57.0,63.0
QINAN BUILDING,"153 TYRWHITT ROAD, SINGAPORE 207566",Not Rated,,358.0,368.0
,"3 JALAN KUBOR, SINGAPORE 199201",Not Rated,,255.0,234.0
BLISS HOTEL,"62 UPPER CROSS STREET, SINGAPORE 058353",Not Rated,,219.0,254.0
,"30 PENHAS ROAD, SINGAPORE 208188",Not Rated,,615.0,611.0
FURAMA CITY CENTRE SINGAPORE,"60 EU TONG SEN STREET, SINGAPORE 059804",Platinum,2017.0,235.0,232.0
OUE BAYFRONT,"50 COLLYER QUAY, SINGAPORE 049321",Gold,2015.0,298.0,289.0
,"134 JALAN BESAR, SINGAPORE 208852",Not Rated,,213.0,250.0
HIGHLAND CENTRE,"22 YIO CHU KANG ROAD, SINGAPORE 545535",Not Rated,,555.0,562.0
LEE KAI HOUSE,"114 MIDDLE ROAD, SINGAPORE 188971",Not Rated,,245.0,212.0
,,Not Rated,,393.0,411.0
,,Not Rated,,239.0,229.0
GRAND HYATT SINGAPORE,"10 SCOTTS ROAD, SINGAPORE 228211",Not Rated,,226.0,216.0
,,Not Rated,,144.0,145.0
PORCELAIN HOTEL,"48 MOSQUE STREET, SINGAPORE 059526",Not Rated,,212.0,205.0
,,Not Rated,,354.0,378.0
,,Not Rated,,184.0,135.0
,,Not Rated,,246.0,231.0
SAMSUNG HUB,"3 CHURCH STREET, SINGAPORE 049483",GoldPlus,2014.0,178.0,181.0
SINGAPORE NATIONAL EYE CENTRE,"11 THIRD HOSPITAL AVENUE, SINGAPORE 168751",Not Rated,,273.0,287.0
,,Not Rated,,264.0,260.0
ION ORCHARD,"2 ORCHARD TURN, SINGAPORE 238801",Gold,2007.0,485.0,471.0
ST. REGIS HOTEL SINGAPORE,"29 TANGLIN ROAD, SINGAPORE 247911",GoldPlus,2006.0,415.0,385.0
NGEE ANN CITY,"391A ORCHARD ROAD, SINGAPORE 238873",Platinum,2015.0,319.0,264.0
STAMFORD COURT,"61 STAMFORD ROAD, SINGAPORE 178892",Not Rated,,270.0,282.0
,"2 JALAN SEH CHUAN, SINGAPORE 598417",Not Rated,,42.0,34.0
,"58 LOWLAND ROAD, SINGAPORE 547453",Not Rated,,75.0,80.0
STARDUS CLUBHOUSE,"277 RIVER VALLEY ROAD, SINGAPORE 238318",Not Rated,,93.0,88.0
COMMAND HOUSE,"17 KHEAM HOCK ROAD, SINGAPORE 298791",Not Rated,,185.0,183.0
HOLIDAY INN EXPRESS SINGAPORE CLARKE QUAY,"2 MAGAZINE ROAD, SINGAPORE 059573",Platinum,2017.0,264.0,263.0
,,Not Rated,,297.0,503.0
THE CRIMSON,"31 SCIENCE PARK ROAD, SINGAPORE 117611",Not Rated,,316.0,285.0
SCOTTS SQUARE,"6 SCOTTS ROAD, SINGAPORE 228209",Not Rated,,471.0,476.0
CITY HOUSE,"36 ROBINSON ROAD, SINGAPORE 068877",Platinum,2013.0,134.0,114.0
SHANGRI-LA HOTEL,"22 ORANGE GROVE ROAD, SINGAPORE 258350",Gold,2017.0,333.0,365.0
ITE COLLEGE WEST,"1 CHOA CHU KANG GROVE, SINGAPORE 688236",Platinum,2017.0,113.0,113.0
OCBC CENTRE,"65 CHULIA STREET, SINGAPORE 049513",Gold,2016.0,200.0,199.0
,"63 CHULIA STREET, SINGAPORE 049514",Gold,2016.0,196.0,201.0
OCBC CENTRE SOUTH,"18 CHURCH STREET, SINGAPORE 049479",Gold,2016.0,384.0,397.0
,"149 SIMS DRIVE, SINGAPORE 387380",Not Rated,,62.0,67.0
TAMPINES POLYCLINIC,"1 TAMPINES STREET 41, SINGAPORE 529203",Gold,2013.0,131.0,133.0
TMC ACADEMY,"250 MIDDLE ROAD, SINGAPORE 188983",Not Rated,,97.0,95.0
YISHUN 10 CINEMA COMPLEX,"51 YISHUN CENTRAL 1, SINGAPORE 768794",Not Rated,,538.0,404.0
,"1010 DOVER ROAD, SINGAPORE 139658",Not Rated,,224.0,216.0
,"41 SUNSET WAY, SINGAPORE 597071",Not Rated,,343.0,333.0
DAS SPEKTRUM@CBP,"9 CHANGI BUSINESS PARK VISTA, SINGAPORE 486041",Platinum,2017.0,158.0,161.0
,,Not Rated,,583.0,595.0
INFINITE STUDIOS,"21 MEDIA CIRCLE, SINGAPORE 138562",GoldPlus,2014.0,334.0,328.0
THE SULTAN,"101 JALAN SULTAN, SINGAPORE 199002",Not Rated,,140.0,152.0
,,Not Rated,,292.0,292.0
MACPHERSON MALL,"401 MACPHERSON ROAD, SINGAPORE 368125",Certified,2016.0,193.0,227.0
,"1 JURONG EAST STREET 21, SINGAPORE 609606",Platinum,2013.0,264.0,262.0
,"79 ANSON ROAD, SINGAPORE 079906",Not Rated,,180.0,135.0
CIVIL SERVICE COLLEGE,"31 NORTH BUONA VISTA ROAD, SINGAPORE 275983",Not Rated,,183.0,180.0
TAN TOCK SENG HOSPITAL,"11 JALAN TAN TOCK SENG, SINGAPORE 308433",Platinum,2006.0,377.0,358.0
YEN SAN BUILDING,"268 ORCHARD ROAD, SINGAPORE 238856",Not Rated,,117.0,109.0
THE METROPOLIS,"9 NORTH BUONA VISTA DRIVE, SINGAPORE 138588",Platinum,2013.0,211.0,207.0
STANDARD CHARTERED @ CHANGI 2,"9 CHANGI BUSINESS PARK CRESCENT, SINGAPORE 486005",Gold,2017.0,120.0,125.0
STANDARD CHARTERED @ CHANGI,"7 CHANGI BUSINESS PARK CRESCENT, SINGAPORE 486028",Platinum,2016.0,195.0,191.0
COMCENTRE,"31 EXETER ROAD, SINGAPORE 239732",Not Rated,,346.0,320.0
PICKERING OPERATION CENTRE,"20 PICKERING STREET, SINGAPORE 048658",Not Rated,,351.0,333.0
HOTEL ROYAL,"36 NEWTON ROAD, SINGAPORE 307964",Not Rated,,221.0,226.0
MARRISON HOTEL,"103 BEACH ROAD, SINGAPORE 189704",Not Rated,,391.0,410.0
SERANGOON BUILDING,"291 SERANGOON ROAD, SINGAPORE 218107",Not Rated,,295.0,290.0
,,Not Rated,,187.0,196.0
,,Not Rated,,151.0,162.0
ERH BUILDING,"110 ROBINSON ROAD, SINGAPORE 068901",Not Rated,,107.0,117.0
MYP CENTRE,"9 BATTERY ROAD, SINGAPORE 049910",Gold,2016.0,201.0,194.0
WAVELINK BUILDING,"75 JELLICOE ROAD, SINGAPORE 208738",Not Rated,,246.0,244.0
AMARA SINGAPORE,"165 TANJONG PAGAR ROAD, SINGAPORE 088539",Not Rated,,362.0,335.0
,,Not Rated,,574.0,552.0
ANG MO KIO COMMUNITY HOSPITAL,"17 ANG MO KIO AVENUE 9, SINGAPORE 569766",Gold,2017.0,196.0,195.0
THE PLAZA,"7500A BEACH ROAD, SINGAPORE 199591",Gold,2017.0,244.0,247.0
,"26A AYER RAJAH CRESCENT, SINGAPORE 139963",Platinum,2015.0,958.0,1745.0
KATONG POINT,"451 JOO CHIAT ROAD, SINGAPORE 427664",Certified,2013.0,144.0,131.0
SEAGATE SINGAPORE DESIGN CENTER - THE SHUGART,"26 AYER RAJAH CRESCENT, SINGAPORE 139944",Platinum,2015.0,473.0,527.0
,"10 INTERNATIONAL BUSINESS PARK, SINGAPORE 609928",Not Rated,,1195.0,1181.0
MIWORLD,"9 INTERNATIONAL BUSINESS PARK, SINGAPORE 609915",Certified,2017.0,703.0,744.0
FM BUILDING,"51 MIDDLE ROAD, SINGAPORE 188959",Not Rated,,25.0,47.0
,,Not Rated,,245.0,259.0
,,Not Rated,,240.0,241.0
LIBERTY HOUSE,"51 CLUB STREET, SINGAPORE 069428",Not Rated,,303.0,323.0
CARLTON HOTEL,"76 BRAS BASAH ROAD, SINGAPORE 189558",Not Rated,,295.0,277.0
,,Not Rated,,147.0,138.0
ORCHID HOTEL,"1 TRAS LINK, SINGAPORE 078867",Not Rated,,344.0,323.0
,"22 CAVENAGH ROAD, SINGAPORE 229617",Certified,2015.0,308.0,283.0
HOTEL CHANCELLOR @ ORCHARD,"28 CAVENAGH ROAD, SINGAPORE 229635",Certified,2015.0,279.0,275.0
PARKROYAL ON PICKERING,"3 UPPER PICKERING STREET, SINGAPORE 058289",Platinum,2013.0,302.0,309.0
TAMAN JURONG SHOPPING CENTRE,"399 YUNG SHENG ROAD, SINGAPORE 610399",Gold,2013.0,402.0,404.0
SHAW TOWERS,"100 BEACH ROAD, SINGAPORE 189702",Not Rated,,249.0,232.0
HEALTH PROMOTION BOARD,"3 SECOND HOSPITAL AVENUE, SINGAPORE 168937",Platinum,2016.0,169.0,164.0
WESTGATE TOWER,"1 GATEWAY DRIVE, SINGAPORE 608531",Platinum,2018.0,352.0,353.0
,,Not Rated,,165.0,168.0
,"11 SCIENCE PARK ROAD, SINGAPORE 117685",Not Rated,,2602.0,2516.0
,,Not Rated,,38.0,60.0
BENDEMEER VILLE,"27 BENDEMEER ROAD, SINGAPORE 330027",Not Rated,,720.0,745.0
WOH HUP BUILDING,"217 UPPER BUKIT TIMAH ROAD, SINGAPORE 588185",Platinum,2017.0,159.0,147.0
,,Not Rated,,1537.0,1339.0
NEUROS,"8 BIOMEDICAL GROVE, SINGAPORE 138665",Not Rated,,328.0,322.0
CINTECH II BUILDING,"75 SCIENCE PARK DRIVE, SINGAPORE 118255",Not Rated,,829.0,755.0
OASIS,"87 SCIENCE PARK DRIVE, SINGAPORE 118260",Not Rated,,62.0,55.0
THE RUTHERFORD,"89 SCIENCE PARK DRIVE, SINGAPORE 118261",Not Rated,,243.0,212.0
NEXUS @ONE-NORTH,"3 FUSIONOPOLIS LINK, SINGAPORE 138543",Platinum,2015.0,25.0,25.0
THE MENDEL,"12 SCIENCE PARK DRIVE, SINGAPORE 118225",GoldPlus,2013.0,246.0,256.0
THE QUADRANT AT CECIL,"19 CECIL STREET, SINGAPORE 049704",Not Rated,,255.0,250.0
THOMSON PLAZA,"301 UPPER THOMSON ROAD, SINGAPORE 574408",Not Rated,,460.0,469.0
RIVERVALE MALL,"11 RIVERVALE CRESCENT, SINGAPORE 545082",Not Rated,,764.0,775.0
SINGAPORE UNIVERSITY OF TECHNOLOGY AND DESIGN,"8 SOMAPAH ROAD, SINGAPORE 487372",Platinum,2012.0,164.0,177.0
MAS BUILDING,"10 SHENTON WAY, SINGAPORE 079117",Platinum,2015.0,139.0,130.0
CURRENCY HOUSE,"109 PASIR PANJANG ROAD, SINGAPORE 118536",Not Rated,,189.0,185.0
TEMPCO TECHNOMINIUM,"16 AYER RAJAH CRESCENT, SINGAPORE 139965",Not Rated,,187.0,179.0
,,Not Rated,,210.0,182.0
ONE MARINA BOULEVARD,"1 MARINA BOULEVARD, SINGAPORE 018989",Not Rated,,174.0,167.0
,"11 MACKENZIE ROAD, SINGAPORE 228675",Not Rated,,244.0,274.0
GUTHRIE HOUSE,"1 FIFTH AVENUE, SINGAPORE 268802",Not Rated,,305.0,302.0
TAMPINES PLAZA,"5 TAMPINES CENTRAL 1, SINGAPORE 529541",Not Rated,,259.0,193.0
ABACUS PLAZA,"3 TAMPINES CENTRAL 1, SINGAPORE 529540",Not Rated,,251.0,188.0
,,Not Rated,,294.0,295.0
HEALTH SCIENCES AUTHORITY BUILDING,"11 OUTRAM ROAD, SINGAPORE 169078",GoldPlus,2016.0,448.0,448.0
LUCKY CHINATOWN,"211 NEW BRIDGE ROAD, SINGAPORE 059432",Not Rated,,370.0,294.0
,"92 TELOK AYER STREET, SINGAPORE 048472",Not Rated,,451.0,449.0
SKY LINE BUILDING,"192 WATERLOO STREET, SINGAPORE 187966",Not Rated,,172.0,152.0
,"37 CARPENTER STREET, SINGAPORE 059916",Not Rated,,84.0,207.0
,,Not Rated,,323.0,328.0
,,Not Rated,,61.0,57.0
MYVILLAGE AT SERANGOON GARDEN,"1 MAJU AVENUE, SINGAPORE 556679",Not Rated,,707.0,756.0
7 WONDERS HOSTEL,"257 JALAN BESAR, SINGAPORE 208930",Not Rated,,193.0,178.0
BUGIS CUBE,"470 NORTH BRIDGE ROAD, SINGAPORE 188735",Not Rated,,292.0,336.0
KATONG SQUARE,"86 EAST COAST ROAD, SINGAPORE 428788",Platinum,2015.0,258.0,261.0
AMK HUB,"53 ANG MO KIO AVENUE 3, SINGAPORE 569933",Not Rated,,522.0,474.0
,"71 ROBINSON ROAD, SINGAPORE 068895",Gold,2015.0,229.0,221.0
SPI CENTRE,"59 NEW BRIDGE ROAD, SINGAPORE 059405",Not Rated,,155.0,165.0
AMBASSADE DE FRANCE A SINGAPOUR,"101 CLUNY PARK ROAD, SINGAPORE 259594",Not Rated,,209.0,188.0
ROBINSON SQUARE,"144 ROBINSON ROAD, SINGAPORE 068908",Certified,2014.0,128.0,148.0
,"77 GEYLANG ROAD, SINGAPORE 389197",Not Rated,,360.0,456.0
,"12 PERAK ROAD, SINGAPORE 208133",Not Rated,,118.0,111.0
FUJI XEROX TOWERS,"80 ANSON ROAD, SINGAPORE 079907",Platinum,2017.0,169.0,162.0
THE GEMINI,"41 SCIENCE PARK ROAD, SINGAPORE 117610",Not Rated,,408.0,356.0
THE ARIES,"51 SCIENCE PARK ROAD, SINGAPORE 117586",Not Rated,,821.0,724.0
THE KENDALL,"50 SCIENCE PARK ROAD, SINGAPORE 117406",Not Rated,,689.0,667.0
THE GALEN,"61 SCIENCE PARK ROAD, SINGAPORE 117525",Not Rated,,209.0,188.0
THE ALPHA,"10 SCIENCE PARK ROAD, SINGAPORE 117684",Not Rated,,161.0,160.0
THE CAPRICORN,"1 SCIENCE PARK ROAD, SINGAPORE 117528",Not Rated,,163.0,185.0
SPARKLE,"45 SCIENCE PARK ROAD, SINGAPORE 117407",Not Rated,,368.0,333.0
,,Not Rated,,531.0,533.0
,,Not Rated,,448.0,507.0
ORCHARD GATEWAY,"277 ORCHARD ROAD, SINGAPORE 238858",Platinum,2012.0,371.0,370.0
BOON LIEW BUILDING,"204 BUKIT TIMAH ROAD, SINGAPORE 229863",Not Rated,,38.0,32.0
AKZONOBEL HOUSE,"3 CHANGI BUSINESS PARK VISTA, SINGAPORE 486051",Not Rated,,94.0,102.0
HONEYWELL BUILDING,"17 CHANGI BUSINESS PARK CENTRAL 1, SINGAPORE 486073",Not Rated,,114.0,118.0
PLAZA 8 @ CBP,"1 CHANGI BUSINESS PARK CRESCENT, SINGAPORE 486025",Not Rated,,169.0,165.0
ONE @ CHANGI CITY,"1 CHANGI BUSINESS PARK CENTRAL 1, SINGAPORE 486036",GoldPlus,2011.0,235.0,234.0
,,Not Rated,,382.0,359.0
HANSAPOINT@CBP,"10 CHANGI BUSINESS PARK CENTRAL 2, SINGAPORE 486030",Not Rated,,212.0,207.0
,"1 CHANGI BUSINESS PARK AVENUE 1, SINGAPORE 486058",Not Rated,,175.0,193.0
,,Not Rated,,352.0,322.0
MANHATTAN HOUSE,"151 CHIN SWEE ROAD, SINGAPORE 169876",Not Rated,,185.0,163.0
LAND TRANSPORT AUTHORITY,"1 HAMPSHIRE ROAD, SINGAPORE 219428",Not Rated,,226.0,230.0
LAND TRANSPORT AUTHORITY,"10 SIN MING DRIVE, SINGAPORE 575701",Platinum,2011.0,297.0,295.0
ITS CENTRE,"181 RIVER VALLEY ROAD, SINGAPORE 179034",Not Rated,,309.0,307.0
MRTC HEADQUARTERS,"251 NORTH BRIDGE ROAD, SINGAPORE 179102",Not Rated,,211.0,217.0
VICTORIA HOTEL,"87 VICTORIA STREET, SINGAPORE 188016",Not Rated,,98.0,105.0
,,Not Rated,,371.0,381.0
BEACH CENTRE,"15 BEACH ROAD, SINGAPORE 189677",Platinum,2016.0,155.0,179.0
ICON@CHANGI,"228 CHANGI ROAD, SINGAPORE 419741",Not Rated,,38.0,34.0
FOUR ACRES SINGAPORE,"6 NEPAL PARK, SINGAPORE 139395",GoldPlus,2016.0,104.0,105.0
,"29 HENG MUI KENG TERRACE, SINGAPORE 119620",Not Rated,,78.0,80.0
HOTEL YAN,"162 TYRWHITT ROAD, SINGAPORE 207581",Not Rated,,213.0,206.0
GOLDEN MILE COMPLEX,"5001 BEACH ROAD, SINGAPORE 199588",Not Rated,,163.0,166.0
,"1A INTERNATIONAL BUSINESS PARK, SINGAPORE 609933",Gold,2009.0,118.0,111.0
NANYANG POLYTECHNIC,"180 ANG MO KIO AVENUE 8, SINGAPORE 569830",Platinum,2015.0,158.0,155.0
ORCHARD HOTEL SINGAPORE,"442 ORCHARD ROAD, SINGAPORE 238879",Gold,2015.0,388.0,376.0
GRAND COPTHORNE WATERFRONT,"392 HAVELOCK ROAD, SINGAPORE 169663",Platinum,2018.0,261.0,256.0
HOTEL GRAND PACIFIC,"101 VICTORIA STREET, SINGAPORE 188018",Not Rated,,239.0,236.0
,,Not Rated,,514.0,536.0
,"322 LAVENDER STREET, SINGAPORE 338821",Not Rated,,176.0,203.0
MONI GALLERY HOSTEL,"263 LAVENDER STREET, SINGAPORE 338795",Not Rated,,143.0,112.0
THE HIVE,"624 SERANGOON ROAD, SINGAPORE 218223",Not Rated,,112.0,99.0
,,Not Rated,,640.0,620.0
AQUEEN - JALAN BESAR HOTEL,"230 JALAN BESAR, SINGAPORE 208906",Not Rated,,322.0,308.0
AQUEEN HOTEL - LAVENDER,"139 LAVENDER STREET, SINGAPORE 338739",Not Rated,,436.0,413.0
AQUEEN HOTEL - PAYA LEBAR,"33 JALAN AFIFI, SINGAPORE 409180",Not Rated,,315.0,362.0
,"387 BALESTIER ROAD, SINGAPORE 329795",Not Rated,,350.0,355.0
THE NOBLE HOTEL,"407 JALAN BESAR, SINGAPORE 209012",Not Rated,,238.0,232.0
,"985 UPPER SERANGOON ROAD, SINGAPORE 534731",Not Rated,,151.0,163.0
JOYFOR SINGAPORE,"135 GEYLANG ROAD, SINGAPORE 389226",Not Rated,,222.0,248.0
,"1 PASIR RIS CENTRAL STREET 3, SINGAPORE 518457",Platinum,2015.0,565.0,548.0
CENTRAL PLAZA,"298 TIONG BAHRU ROAD, SINGAPORE 168730",Platinum,2016.0,269.6565547128927,267.3911159263272
TIONG BAHRU PLAZA,"302 TIONG BAHRU ROAD, SINGAPORE 168732",Platinum,2016.0,667.0,662.0
CENTURY SQUARE,"2 TAMPINES CENTRAL 5, SINGAPORE 529509",Gold,2016.0,368.0,311.0
,,Not Rated,,593.0,583.0
TAMPINES ONE,"10 TAMPINES CENTRAL 1, SINGAPORE 529536",GoldPlus,2013.0,457.0,455.0
LIANG COURT,"177 RIVER VALLEY ROAD, SINGAPORE 179030",Not Rated,,353.0,347.0
,,Not Rated,,165.0,146.0
NTUC HEALTH NURSING HOME (JURONG WEST),"50 JURONG WEST STREET 93, SINGAPORE 648967",Certified,2014.0,118.0,149.0
,,Not Rated,,136.0,140.0
,"5 POH HUAT ROAD, SINGAPORE 546703",Not Rated,,114.0,111.0
,"551 YISHUN RING ROAD, SINGAPORE 768681",Not Rated,,67.0,77.0
,"11 TAMPINES STREET 44, SINGAPORE 529123",Not Rated,,123.0,131.0
BRIGHT VISION HOSPITAL,"5 LORONG NAPIRI, SINGAPORE 547530",Not Rated,,293.0,295.0
ASIA SQUARE TOWER 1,"8 MARINA VIEW, SINGAPORE 018960",Platinum,2018.0,170.0,174.0
ASIA SQUARE TOWER 2,"12 MARINA VIEW, SINGAPORE 018961",Platinum,2017.0,207.0,208.0
LIONS HOME FOR THE ELDERS (BISHAN),"9 BISHAN STREET 13, SINGAPORE 579804",Not Rated,,97.0,106.0
,"70 BIOPOLIS STREET, SINGAPORE 138547",Gold,2018.0,312.0,294.0
VIVA BUSINESS PARK,"750 CHAI CHEE ROAD, SINGAPORE 469000",Certified,2017.0,760.0,690.0
PARK AVENUE CHANGI,"2 CHANGI BUSINESS PARK AVENUE 1, SINGAPORE 486015",GoldPlus,2017.0,194.0,204.0
,"18 NAPIER ROAD, SINGAPORE 258510",Platinum,2014.0,113.0,99.0
POLICE CANTONMENT COMPLEX,"391 NEW BRIDGE ROAD, SINGAPORE 088762",Not Rated,,230.0,237.0
,"8 LORONG 10 GEYLANG, SINGAPORE 399041",Not Rated,,147.0,130.0
MAYBANK TOWER,"2 BATTERY ROAD, SINGAPORE 049907",Not Rated,,337.0,355.0
LAVENDER PLACE,"161 LAVENDER STREET, SINGAPORE 338750",Not Rated,,125.0,92.0
,,Not Rated,,64.0,68.0
MANULIFE CENTRE,"51 BRAS BASAH ROAD, SINGAPORE 189554",Platinum,2017.0,243.0,224.0
NATIONAL SKIN CENTRE,"1 MANDALAY ROAD, SINGAPORE 308205",Not Rated,,313.0,301.0
M HOTEL,"81 ANSON ROAD, SINGAPORE 079908",GoldPlus,2018.0,225.0,216.0
,,Not Rated,,107.0,96.0
CRU CENTRE,"18 VERDUN ROAD, SINGAPORE 207280",Not Rated,,204.0,193.0
85 BEACH GARDEN HOTEL,"85 BEACH ROAD, SINGAPORE 189694",Not Rated,,373.0,363.0
896 DUNEARN,"896 DUNEARN ROAD, SINGAPORE 589472",Not Rated,,202.0,178.0
ROBINSON POINT,"39 ROBINSON ROAD, SINGAPORE 068911",Certified,2008.0,210.0,201.0
JURONG STADIUM,"10 FOURTH CHIN BEE ROAD, SINGAPORE 619707",Not Rated,,9.0,8.0
,"21 JURONG EAST STREET 31, SINGAPORE 609517",Not Rated,,45.0,42.0
TANJONG PAGAR CENTRE,"7 WALLICH STREET, SINGAPORE 078884",Platinum,2013.0,200.0,247.0
MANULIFE TOWER,"8 CROSS STREET, SINGAPORE 048424",Not Rated,,206.0,151.0
,,Not Rated,,327.0,321.0
WOODLANDS CIVIC CENTRE,"900 SOUTH WOODLANDS DRIVE, SINGAPORE 730900",Platinum,2015.0,242.0,225.0
CHOA CHU KANG CENTRE,"309 CHOA CHU KANG AVENUE 4, SINGAPORE 680309",Not Rated,,182.0,176.0
,"101 DUNLOP STREET, SINGAPORE 209420",Not Rated,,473.0,550.0
OCEAN FINANCIAL CENTRE,"10 COLLYER QUAY, SINGAPORE 049315",Platinum,2016.0,208.0,201.0
STATE COURTS,"1 HAVELOCK SQUARE, SINGAPORE 059724",Not Rated,,133.0,130.0
SERENE CENTRE,"10 JALAN SERENE, SINGAPORE 258748",Not Rated,,432.0,445.0
,,Not Rated,,206.0,200.0
,,Not Rated,,422.0,434.0
W SINGAPORE SENTOSA COVE HOTEL,"21 OCEAN WAY, SINGAPORE 098374",Platinum,2010.0,402.0,405.0
KEPPEL TOWERS,"10 HOE CHIANG ROAD, SINGAPORE 089315",Not Rated,,166.0,156.0
PRUDENTIAL TOWER,"30 CECIL STREET, SINGAPORE 049712",GoldPlus,2017.0,175.0,137.0
,,Not Rated,,290.0,383.0
ORCHARD CENTRAL,"181 ORCHARD ROAD, SINGAPORE 238896",Not Rated,,651.0,770.0
ACER BUILDING,"29 INTERNATIONAL BUSINESS PARK, SINGAPORE 609923",Not Rated,,141.0,139.0
TECHQUEST,"7 INTERNATIONAL BUSINESS PARK, SINGAPORE 609919",Not Rated,,137.0,127.0
IQUEST@IBP,"27 INTERNATIONAL BUSINESS PARK, SINGAPORE 609924",Not Rated,,117.0,106.0
FAMILY JUSTICE COURTS,"3 HAVELOCK SQUARE, SINGAPORE 059725",Not Rated,,142.0,140.0
MSF BUILDING,"512 THOMSON ROAD, SINGAPORE 298136",Not Rated,,146.0,147.0
SLF BUILDING,"510 THOMSON ROAD, SINGAPORE 298135",Not Rated,,149.0,132.0
,,Not Rated,,35.0,32.0
,,Not Rated,,1668.0,1478.0
,,Not Rated,,1015.0,1027.0
HAVELOCK2,"2 HAVELOCK ROAD, SINGAPORE 059763",Not Rated,,189.0,239.0
JURONG POINT,"1 JURONG WEST CENTRAL 2, SINGAPORE 648886",Gold,2016.0,520.0,512.0
LEISURE PARK KALLANG,"5 STADIUM WALK, SINGAPORE 397693",Not Rated,,459.0,422.0
THE SCARLET HOTEL,"33 ERSKINE ROAD, SINGAPORE 069333",Not Rated,,431.0,455.0
HDB CENTRE OF BUILDING RESEARCH,"10 WOODLANDS AVENUE 8, SINGAPORE 738973",Platinum,2014.0,39.0,38.0
NOVENA SQUARE,"238 THOMSON ROAD, SINGAPORE 307683",GoldPlus,2018.0,362.0,319.0
CHANGI CITY POINT,"5 CHANGI BUSINESS PARK CENTRAL 1, SINGAPORE 486038",GoldPlus,2011.0,459.0,487.0
THE ODEON KATONG,"11 EAST COAST ROAD, SINGAPORE 428722",Not Rated,,429.0,436.0
VISTA POINT,"548 WOODLANDS DRIVE 44, SINGAPORE 730548",Gold,2011.0,471.0,462.0
,,Not Rated,,155.0,168.0
JOO CHIAT COMPLEX,"1 JOO CHIAT ROAD, SINGAPORE 420001",Platinum,2017.0,214.0,198.0
NEW PHOENIX PARK,"28 IRRAWADDY ROAD, SINGAPORE 329560",Not Rated,,349.0,345.0
EASTGATE,"46 EAST COAST ROAD, SINGAPORE 428766",Not Rated,,76.0,77.0
,"120 ROBINSON ROAD, SINGAPORE 068913",Not Rated,,206.0,181.0
,"22 MARTIN ROAD, SINGAPORE 239058",Not Rated,,292.0,262.0
THE REGENT SINGAPORE,"1 CUSCADEN ROAD, SINGAPORE 249715",GoldPlus,2008.0,295.0,279.0
,"151 BENCOOLEN STREET, SINGAPORE 189656",Platinum,2014.0,115.0,135.0
,"38 BENCOOLEN STREET, SINGAPORE 189654",Not Rated,,120.0,142.0
,"80 BENCOOLEN STREET, SINGAPORE 189655",Gold,2012.0,232.0,267.0
LEX HOTEL (LORONG 8),"1 LORONG 8 GEYLANG, SINGAPORE 399073",Not Rated,,187.0,183.0
,,Not Rated,,114.0,123.0
,"50 CAMPBELL LANE, SINGAPORE 209922",Not Rated,,99.0,58.0
BEDOK POINT,"799 NEW UPPER CHANGI ROAD, SINGAPORE 467351",Gold,2014.0,313.0,294.0
ORCHARD BUILDING,"1 GRANGE ROAD, SINGAPORE 239693",Gold,2018.0,343.0,263.0
,"1 AVIATION DRIVE, SINGAPORE 499867",Platinum,2015.0,147.0,140.0
,"205 JALAN KAYU, SINGAPORE 799436",Not Rated,,88.0,88.0
LIAT TOWERS,"541 ORCHARD ROAD, SINGAPORE 238881",Not Rated,,284.0,239.0
,,Not Rated,,89.0,84.0
MAJLIS UGAMA ISLAM SINGAPURA,"273 BRADDELL ROAD, SINGAPORE 579702",Not Rated,,65.0,60.0
SHANGRI-LA'S RASA SENTOSA RESORT & SPA,"101 SILOSO ROAD, SINGAPORE 098970",Not Rated,,268.0,274.0
MARITIME HOUSE,"120 CANTONMENT ROAD, SINGAPORE 089760",Not Rated,,121.0,120.0
,,Not Rated,,537.0,524.0
PARKROYAL ON KITCHENER ROAD,"181 KITCHENER ROAD, SINGAPORE 208533",Platinum,2014.0,180.0,181.0
CAPRI BY FRASER CHANGI CITY,"3 CHANGI BUSINESS PARK CENTRAL 1, SINGAPORE 486037",GoldPlus,2012.0,245.0,246.0
GOODWOOD PARK HOTEL,"16 SCOTTS ROAD, SINGAPORE 228221",Not Rated,,279.0,247.0
ALEXANDRA CENTRAL,"321 ALEXANDRA ROAD, SINGAPORE 159971",Certified,2014.0,585.0,582.0
MOUNT ALVERNIA HOSPITAL,"820 THOMSON ROAD, SINGAPORE 574623",Certified,2014.0,289.0,300.0
,"38 UPPER CROSS STREET, SINGAPORE 058341",Not Rated,,201.0,227.0
,,Not Rated,,196.0,202.0
GRANTRAL MALL @ CLEMENTI,"3151 COMMONWEALTH AVENUE WEST, SINGAPORE 129581",Not Rated,,373.0,386.0
,"51 IMBIAH WALK, SINGAPORE 099538",Not Rated,,262.0,261.0
UNITED WORLD COLLEGE OF SOUTHEAST ASIA,"1207 DOVER ROAD, SINGAPORE 139654",Platinum,2016.0,73.0,69.0
,"1 TAMPINES STREET 73, SINGAPORE 528704",Platinum,2015.0,74.0,72.0
"OASIA HOTEL NOVENA, SINGAPORE","8 SINARAN DRIVE, SINGAPORE 307470",Not Rated,,376.0,357.0
NUCLEOS,"21 BIOPOLIS ROAD, SINGAPORE 138567",Gold,2012.0,128.0,156.0
,,Not Rated,,157.0,146.0
ROBERTSON WALK,"11 UNITY STREET, SINGAPORE 237995",Not Rated,,275.0,266.0
REPUBLIC POLYTECHNIC,"9 WOODLANDS AVENUE 9, SINGAPORE 738964",Platinum,2006.0,150.0,145.0
,"16 COLLEGE AVENUE WEST, SINGAPORE 138527",Platinum,2018.0,269.6565547128927,267.3911159263272
SINGAPORE EXPO,"1 EXPO DRIVE, SINGAPORE 486150",Not Rated,,112.0,83.0
SWIBER@IBP,"12 INTERNATIONAL BUSINESS PARK, SINGAPORE 609920",Not Rated,,138.0,85.0
MOUNTBATTEN CENTRE,"231 MOUNTBATTEN ROAD, SINGAPORE 397999",Not Rated,,108.0,149.0
CROWN AT ROBINSON,"140 ROBINSON ROAD, SINGAPORE 068907",Not Rated,,86.0,111.0
ARTON HOTEL,"176 TYRWHITT ROAD, SINGAPORE 207576",Not Rated,,338.0,361.0
NTUC HEALTH NURSING HOME (CHAI CHEE),"35 CHAI CHEE STREET, SINGAPORE 468984",Platinum,2016.0,52.0,87.0
ST. ANDREW'S NURSING HOME (HENDERSON),"303 HENDERSON ROAD, SINGAPORE 108925",Certified,2016.0,56.0,89.0
SULTAN-LINK,"57 MOHAMED SULTAN ROAD, SINGAPORE 238997",Certified,2011.0,141.0,134.0
SULTAN-LINK,"55 MOHAMED SULTAN ROAD, SINGAPORE 238995",Certified,2011.0,116.0,108.0
SULTAN-LINK,"63 MOHAMED SULTAN ROAD, SINGAPORE 239002",Certified,2011.0,112.0,141.0
SULTAN-LINK,"61 MOHAMED SULTAN ROAD, SINGAPORE 239001",Certified,2011.0,142.0,145.0
SULTAN-LINK,"59 MOHAMED SULTAN ROAD, SINGAPORE 238999",Certified,2011.0,55.0,56.0
SULTAN-LINK,"53 MOHAMED SULTAN ROAD, SINGAPORE 238993",Certified,2011.0,240.0,272.0
ACADEMIA,"20 COLLEGE ROAD, SINGAPORE 169856",Not Rated,,497.0,460.0
SOOKEE HQ,"7 CHANGI BUSINESS PARK VISTA, SINGAPORE 486042",Not Rated,,44.0,70.0
,"510 DOVER ROAD, SINGAPORE 139660",Platinum,2013.0,101.0,129.0
,,Not Rated,,58.0,65.0
ASSISI HOSPICE,"832 THOMSON ROAD, SINGAPORE 574627",Platinum,2016.0,125.0,127.0
,"51 SCOTTS ROAD, SINGAPORE 228241",Not Rated,,218.0,206.0
,"20 EVANS ROAD, SINGAPORE 259365",Not Rated,,40.0,45.0
THONG CHAI BUILDING,"50 CHIN SWEE ROAD, SINGAPORE 169874",Not Rated,,190.0,193.0
,,Not Rated,,168.0,143.0
,,Not Rated,,167.0,168.0
MEADOWS HOSTEL,"7 HAMILTON ROAD, SINGAPORE 209178",Not Rated,,396.0,405.0
,,Not Rated,,619.0,778.0
RAFFLES HOLLAND V,"118 HOLLAND AVENUE, SINGAPORE 278997",Certified,2016.0,455.0,491.0
THONG CHAI MEDICAL INSTITUTION,"50 EU TONG SEN STREET, SINGAPORE 059803",Not Rated,,144.0,140.0
VISION EXCHANGE,"2 VENTURE DRIVE, SINGAPORE 608526",GoldPlus,2016.0,66.0,92.0
JURONG TOWN HALL,"9 JURONG TOWN HALL ROAD, SINGAPORE 609431",Platinum,2017.0,68.0,77.0
THE JTC SUMMIT,"8 JURONG TOWN HALL ROAD, SINGAPORE 609434",Platinum,2018.0,142.0,141.0
CONNEXIS,"1 FUSIONOPOLIS WAY, SINGAPORE 138632",Platinum,2016.0,226.0,233.0
HELIOS,"11 BIOPOLIS WAY, SINGAPORE 138667",GoldPlus,2016.0,686.0,663.0
IBM PLACE,"9 CHANGI BUSINESS PARK CENTRAL 1, SINGAPORE 486048",GoldPlus,2017.0,102.0,95.0
CLEANTECH ONE,"1 CLEANTECH LOOP, SINGAPORE 637141",Platinum,2018.0,303.0,294.0
,"15 CHANGI BUSINESS PARK CENTRAL 1, SINGAPORE 486057",Gold,2012.0,102.0,54.0
JTC CLEANTECH TWO @CLEANTECH PARK,"3 CLEANTECH LOOP, SINGAPORE 637143",Platinum,2013.0,157.0,170.0
IBM PLACE,"7 CHANGI BUSINESS PARK CENTRAL 1, SINGAPORE 486072",GoldPlus,2017.0,134.0,133.0
INNOVIS,"2 FUSIONOPOLIS WAY, SINGAPORE 138634",Platinum,2012.0,546.0,509.0
SYNTHESIS,"6 FUSIONOPOLIS WAY, SINGAPORE 138636",Platinum,2012.0,1040.0,1093.0
KINESIS,"4 FUSIONOPOLIS WAY, SINGAPORE 138635",Platinum,2012.0,287.0,298.0
,"20 AYER RAJAH CRESCENT, SINGAPORE 139964",Not Rated,,1899.0,1879.0
SINGAPORE MARRIOTT TANG PLAZA HOTEL,"320 ORCHARD ROAD, SINGAPORE 238865",Gold,2014.0,252.0,258.0
GIANURN BUILDING,"241 RIVER VALLEY ROAD, SINGAPORE 238298",Not Rated,,136.0,139.0
DUO TOWER,"3 FRASER STREET, SINGAPORE 189352",Platinum,2013.0,134.0,269.0
CHANGI EXHIBITION CENTRE,"9 AVIATION PARK ROAD, SINGAPORE 498760",Not Rated,,35.0,40.0
NETWORK COURIER BUILDING,"46 HORNE ROAD, SINGAPORE 209068",Not Rated,,75.0,66.0
NETWORK COURIER BUILDING,"44 HORNE ROAD, SINGAPORE 209067",Not Rated,,105.0,108.0
,,Not Rated,,547.0,542.0
,,Not Rated,,185.0,175.0
YELEY BUILDING,"730 UPPER SERANGOON ROAD, SINGAPORE 534613",Not Rated,,582.0,510.0
,"397 LORONG 2 TOA PAYOH, SINGAPORE 319639",Not Rated,,56.0,55.0
,"25 GEYLANG EAST CENTRAL, SINGAPORE 389708",Not Rated,,74.0,132.0
JAMIYAH NURSING HOME,"130 WEST COAST DRIVE, SINGAPORE 127444",Not Rated,,73.0,86.0
VALLEY POINT,"491 RIVER VALLEY ROAD, SINGAPORE 248371",Gold,2016.0,456.0,424.0
ARCADIA HOTEL,"32 HAMILTON ROAD, SINGAPORE 209201",Not Rated,,367.0,368.0
,"15 LORONG 15 GEYLANG, SINGAPORE 388607",Not Rated,,193.0,199.0
CHERN SENG BUILDING,"7 HINDOO ROAD, SINGAPORE 209108",Not Rated,,64.0,54.0
JEAN YIP LOFT,"307 NEW BRIDGE ROAD, SINGAPORE 088757",Not Rated,,182.0,189.0
PAGODA VIEW,"32 PAGODA STREET, SINGAPORE 059191",Not Rated,,668.0,693.0
ST. ANDREW'S NURSING HOME (QUEENSTOWN),"11 JALAN PENJARA, SINGAPORE 149380",Certified,2017.0,45.0,91.0
,"5 TAMPINES STREET 32, SINGAPORE 529284",Not Rated,,136.0,129.0
CANTONMENT CENTRE,"150 CANTONMENT ROAD, SINGAPORE 089762",Not Rated,,168.0,105.0
,"90 EU TONG SEN STREET, SINGAPORE 059811",Not Rated,,30.0,76.0
TOWNSHEND BUILDING,"54 MAUDE ROAD, SINGAPORE 208346",Not Rated,,130.0,141.0
DIOCESAN CENTRE BUILDING,"1 FRANCIS THOMAS DRIVE, SINGAPORE 359340",Not Rated,,46.0,51.0
THE WAREHOUSE,"320 HAVELOCK ROAD, SINGAPORE 169628",Not Rated,,325.0,318.0
,,Not Rated,,114.0,112.0
CENTRAL SQUARE,"20 HAVELOCK ROAD, SINGAPORE 059765",Not Rated,,181.0,182.0
RENDEZVOUS HOTEL SINGAPORE,"9 BRAS BASAH ROAD, SINGAPORE 189559",GoldPlus,2017.0,291.0,308.0
,,Not Rated,,304.0,301.0
,,Not Rated,,193.0,193.0
CHEVRON HOUSE,"30 RAFFLES PLACE, SINGAPORE 048622",Not Rated,,243.0,223.0
,,Not Rated,,141.0,139.0
,"72 ELIZABETH DRIVE, SINGAPORE 669745",Not Rated,,66.0,72.0
YISHUN COMMUNITY HOSPITAL,"2 YISHUN CENTRAL 2, SINGAPORE 768024",Platinum,2014.0,203.0,209.0
SUNSHINE PLAZA,"10 PRINSEP LINK, SINGAPORE 187948",Not Rated,,790.0,797.0
HOTEL 1929,"50 KEONG SAIK ROAD, SINGAPORE 089154",Not Rated,,267.0,192.0
HEARTLAND MALL- KOVAN,"205 HOUGANG STREET 21, SINGAPORE 530205",Not Rated,,573.0,569.0
REVENUE HOUSE,"55 NEWTON ROAD, SINGAPORE 307987",Platinum,2014.0,166.0,165.0
INTERNATIONAL PLAZA,"10 ANSON ROAD, SINGAPORE 079903",GoldPlus,2012.0,172.0,163.0
,,Not Rated,,466.0,464.0
,"8 PRINCE GEORGES PARK, SINGAPORE 118407",Not Rated,,11.0,7.0
,"20 LOWER KENT RIDGE ROAD, SINGAPORE 119080",Not Rated,,269.6565547128927,267.3911159263272
,"8 COLLEGE ROAD, SINGAPORE 169857",Certified,2016.0,635.0,610.0
,,Not Rated,,269.6565547128927,267.3911159263272
,,Not Rated,,269.6565547128927,267.3911159263272
,"2 SPORTS DRIVE 1, SINGAPORE 117561",Not Rated,,269.6565547128927,267.3911159263272
,"5A ENGINEERING DRIVE 1, SINGAPORE 117411",Gold,2014.0,269.6565547128927,267.3911159263272
,"469A BUKIT TIMAH ROAD, SINGAPORE 259770",Not Rated,,255.0,246.0
,,Not Rated,,383.0,584.0
,"2 BUKIT BATOK STREET 11, SINGAPORE 659674",Not Rated,,151.0,156.0
HOME SUITE VIEW HOTEL,"12 LORONG 12 GEYLANG, SINGAPORE 398993",Not Rated,,110.0,110.0
,"137 TELOK AYER STREET, SINGAPORE 068602",Not Rated,,233.0,223.0
BANK OF AMERICA MERRILL LYNCH HARBOURFRONT,"2 HARBOURFRONT PLACE, SINGAPORE 098499",GoldPlus,2018.0,386.0,401.0
HEAP SENG HOUSE,"36 LIANG SEAH STREET, SINGAPORE 189057",Not Rated,,181.0,176.0
COPTHORNE KING'S HOTEL,"403 HAVELOCK ROAD, SINGAPORE 169632",Platinum,2014.0,239.0,250.0
TONG ENG BUILDING,"101 CECIL STREET, SINGAPORE 069533",Platinum,2013.0,124.0,113.0
,"9 CHOA CHU KANG AVENUE 4, SINGAPORE 689815",Not Rated,,75.0,89.0
,,Not Rated,,107.0,157.0
,,Not Rated,,157.0,163.0
THE SINGAPORE RESORT & SPA,"2 BUKIT MANIS ROAD, SINGAPORE 099891",Not Rated,,546.0,534.0
BANGKOK BANK BUILDING,"180 CECIL STREET, SINGAPORE 069546",Not Rated,,121.0,114.0
ASCOTT SINGAPORE RAFFLES PLACE,"2 FINLAYSON GREEN, SINGAPORE 049247",Certified,2008.0,206.0,210.0
,,Not Rated,,305.0,280.0
MAPLETREE ANSON,"60 ANSON ROAD, SINGAPORE 079914",Platinum,2016.0,215.0,210.0
IOB BUILDING,"64 CECIL STREET, SINGAPORE 049711",Not Rated,,256.0,248.0
,"1 RESEARCH LINK, SINGAPORE 117604",Not Rated,,269.6565547128927,267.3911159263272
,"55 MARKET STREET, SINGAPORE 048941",Gold,2012.0,198.0,180.0
CUPPAGE PLAZA,"5 KOEK ROAD, SINGAPORE 228796",Not Rated,,308.0,321.0
,"31 HENG MUI KENG TERRACE, SINGAPORE 119595",Not Rated,,108.0,112.0
MINISTRY OF FOREIGN AFFAIRS BUILDING,"1 SHERWOOD ROAD, SINGAPORE 248163",Gold,2017.0,220.0,223.0
51 CUPPAGE ROAD,"51 CUPPAGE ROAD, SINGAPORE 229469",Gold,2014.0,172.0,169.0
,,Not Rated,,29.0,30.0
INCOME AT TAMPINES POINT,"2 TAMPINES CENTRAL 6, SINGAPORE 529483",Not Rated,,238.0,248.0
INCOME CENTRE,"75 BRAS BASAH ROAD, SINGAPORE 189557",Not Rated,,330.0,316.0
INCOME AT PRINSEP,"30 PRINSEP STREET, SINGAPORE 188647",Gold,2016.0,241.0,226.0
INCOME AT TAMPINES JUNCTION,"300 TAMPINES AVENUE 5, SINGAPORE 529653",GoldPlus,2016.0,186.0,195.0
EASTPOINT MALL,"3 SIMEI STREET 6, SINGAPORE 528833",Not Rated,,466.0,455.0
ICA BUILDING,"10 KALLANG ROAD, SINGAPORE 208718",Not Rated,,330.0,338.0
PARKWAY HEALTH DAY SURGERY,"363 BALESTIER ROAD, SINGAPORE 329784",Not Rated,,66.0,116.0
THE CENTRAL,"6 EU TONG SEN STREET, SINGAPORE 059817",Not Rated,,346.0,327.0
GREAT WORLD CITY,"1 KIM SENG PROMENADE, SINGAPORE 237994",Not Rated,,235.0,212.0
,"89 NEIL ROAD, SINGAPORE 088849",Not Rated,,150.0,49.0
FOUR SEASONS HOTEL,"190 ORCHARD BOULEVARD, SINGAPORE 248646",Not Rated,,313.0,301.0
,"37 JALAN BESAR, SINGAPORE 208801",Not Rated,,164.0,159.0
,"91 YISHUN CENTRAL, SINGAPORE 768829",Not Rated,,96.0,97.0
HILTON INTERNATIONAL SINGAPORE,"581 ORCHARD ROAD, SINGAPORE 238883",Not Rated,,292.0,286.0
CES CENTRE,"171 CHIN SWEE ROAD, SINGAPORE 169877",Certified,2016.0,120.0,113.0
,"115 GEYLANG ROAD, SINGAPORE 389218",Not Rated,,325.0,309.0
DELFI ORCHARD,"402 ORCHARD ROAD, SINGAPORE 238876",Not Rated,,167.0,161.0
TOWER FIFTEEN,"15 HOE CHIANG ROAD, SINGAPORE 089316",Not Rated,,165.0,144.0
FRAGRANCE EMPIRE BUILDING,"456 ALEXANDRA ROAD, SINGAPORE 119962",Not Rated,,104.0,126.0
FRAGRANCE BUILDING,"168 CHANGI ROAD, SINGAPORE 419730",Not Rated,,114.0,132.0
THE PUNGGOL SETTLEMENT,"3 PUNGGOL POINT ROAD, SINGAPORE 828694",Certified,2014.0,493.0,481.0
,"100 PUNGGOL FIELD, SINGAPORE 828811",Not Rated,,84.0,85.0
JAMILLA BOUTIQUE INN,"10 ALIWAL STREET, SINGAPORE 199903",Not Rated,,249.0,208.0
LAI NGUANG BUILDING,"36 SOUTH BRIDGE ROAD, SINGAPORE 058670",Not Rated,,108.0,151.0
THE SELETAR MALL,"33 SENGKANG WEST AVENUE, SINGAPORE 797653",Gold,2017.0,603.0,651.0
THE PARAGON,"290 ORCHARD ROAD, SINGAPORE 238859",Certified,2018.0,402.0,379.0
THE CLEMENTI MALL,"3155 COMMONWEALTH AVENUE WEST, SINGAPORE 129588",Not Rated,,664.0,650.0
BULKHAUL HOUSE,"67 BEACH ROAD, SINGAPORE 189688",Not Rated,,233.0,223.0
BERNHARD SCHULTE HOUSE,"108 MIDDLE ROAD, SINGAPORE 188967",Not Rated,,149.0,149.0
THE NOVELTY HOUSE,"15 HONGKONG STREET, SINGAPORE 059658",Not Rated,,112.0,99.0
,,Not Rated,,234.0,222.0
UWEEI BUILDING,"37 MIDDLE ROAD, SINGAPORE 188946",Not Rated,,149.0,118.0
MARINA AT KEPPEL BAY,"2 KEPPEL BAY VISTA, SINGAPORE 098382",Gold,2011.0,1075.0,1059.0
MOUNT EMILY HOTEL,"10A UPPER WILKIE ROAD, SINGAPORE 228119",Not Rated,,203.0,206.0
,,Not Rated,,70.0,70.0
GRAND PARK ORCHARD,"270 ORCHARD ROAD, SINGAPORE 238857",Not Rated,,284.0,298.0
ONE RAFFLES PLACE,"1 RAFFLES PLACE, SINGAPORE 048616",Gold,2016.0,238.0,206.0
SIGLAP CENTRE,"55 SIGLAP ROAD, SINGAPORE 455871",GoldPlus,2016.0,318.0,299.0
SYNAPSE,"3 BIOPOLIS DRIVE, SINGAPORE 138623",Gold,2011.0,164.0,185.0
JIT POH BUILDING,"19 KEPPEL ROAD, SINGAPORE 089058",Not Rated,,133.0,153.0
,"36 PRINSEP STREET, SINGAPORE 188648",Not Rated,,152.0,150.0
,"36 ARMENIAN STREET, SINGAPORE 179934",Certified,2009.0,103.0,111.0
,"95 BEACH ROAD, SINGAPORE 189699",Not Rated,,309.0,308.0
REDDOORZ NEAR MARINE PARADE CENTRAL,"400 EAST COAST ROAD, SINGAPORE 428996",Not Rated,,131.0,127.0
,,Not Rated,,207.0,206.0
,,Not Rated,,136.0,160.0
,,Not Rated,,96.0,96.0
,"1 COVE AVENUE, SINGAPORE 098537",Gold,2012.0,561.0,546.0
,"410 NORTH BRIDGE ROAD, SINGAPORE 188726",Not Rated,,149.0,159.0
QUALITY HOTEL MARLOW,"201 BALESTIER ROAD, SINGAPORE 329926",Not Rated,,282.0,268.0
,"10 ANG MO KIO AVENUE 8, SINGAPORE 567727",Certified,2018.0,22.0,63.0
,"71 IRRAWADDY ROAD, SINGAPORE 329562",Not Rated,,171.0,171.0
RENCI @ BUKIT BATOK ST. 52,"31 BUKIT BATOK STREET 52, SINGAPORE 659251",Not Rated,,143.0,150.0
RAFFLES HOSPITAL,"585 NORTH BRIDGE ROAD, SINGAPORE 188770",Not Rated,,491.0,467.0
HOTEL JEN TANGLIN SINGAPORE,"1A CUSCADEN ROAD, SINGAPORE 249716",GoldPlus,2018.0,288.0,287.0
SATA COMMHEALTH BUILDING,"351 CHAI CHEE STREET, SINGAPORE 468982",Not Rated,,156.0,174.0
CHUNG HWA FREE CLINIC,"640 LORONG 4 TOA PAYOH, SINGAPORE 319522",Not Rated,,179.0,181.0
,,Not Rated,,323.0,316.0
CECIL COURT,"138 CECIL STREET, SINGAPORE 069538",Not Rated,,197.0,183.0
,"984 UPPER CHANGI ROAD NORTH, SINGAPORE 506969",Legislated,2015.0,233.0,235.0
PRISON HEADQUARTERS,"407 UPPER CHANGI ROAD NORTH, SINGAPORE 507658",Not Rated,,221.0,57.0
BALMORAL PLAZA,"271 BUKIT TIMAH ROAD, SINGAPORE 259708",Not Rated,,225.0,234.0
,,Not Rated,,109.0,110.0
,,Not Rated,,202.0,101.0
WOODLANDS POLYCLINIC,"10 WOODLANDS STREET 31, SINGAPORE 738579",Not Rated,,144.0,145.0
HOUGANG POLYCLINIC,"89 HOUGANG AVENUE 4, SINGAPORE 538829",Not Rated,,170.0,176.0
TOA PAYOH POLYCLINIC,"2003 LORONG 8 TOA PAYOH, SINGAPORE 319260",Not Rated,,216.0,215.0
,,Not Rated,,279.0,63.0
BUKIT PASOH BUILDING,"3 BUKIT PASOH ROAD, SINGAPORE 089817",Not Rated,,219.0,207.0
KEMBANGAN PLAZA,"18 JALAN MASJID, SINGAPORE 418944",Not Rated,,276.0,263.0
HOLIDAY INN SINGAPORE ORCHARD CITY CENTRE,"11 CAVENAGH ROAD, SINGAPORE 229616",Not Rated,,259.0,263.0
,"10 DOVER DRIVE, SINGAPORE 138683",Not Rated,,207.0,197.0
,"29B TAMPINES AVENUE 1, SINGAPORE 528694",Platinum,2014.0,75.0,91.0
,"51 GRANGE ROAD, SINGAPORE 249564",Certified,2017.0,72.0,73.0
,"402 COMMONWEALTH DRIVE, SINGAPORE 149599",Not Rated,,46.0,44.0
,"5 HOY FATT ROAD, SINGAPORE 159505",Not Rated,,92.0,87.0
MOE BUILDING,"1 NORTH BUONA VISTA DRIVE, SINGAPORE 138675",Platinum,2017.0,208.0,213.0
TUV SUD PSB BUILDING,"1 SCIENCE PARK DRIVE, SINGAPORE 118221",Not Rated,,320.0,328.0
,"135 BUKIT TIMAH ROAD, SINGAPORE 229837",Not Rated,,206.0,233.0
POSB REGIONAL CENTRE,"42 UPPER EAST COAST ROAD, SINGAPORE 455213",Not Rated,,232.0,200.0
,,Not Rated,,318.0,320.0
E!HUB@DOWNTOWN EAST,"1 PASIR RIS CLOSE, SINGAPORE 519599",Gold,2016.0,693.0,726.0
,"3 TAMPINES GRANDE, SINGAPORE 528799",Certified,2017.0,288.0,275.0
CAUSEWAY POINT,"1 WOODLANDS SQUARE, SINGAPORE 738099",Platinum,2017.0,466.0,466.0
PSA BUILDING,"460 ALEXANDRA ROAD, SINGAPORE 119963",GoldPlus,2018.0,235.0,231.0
CROWNE PLAZA CHANGI AIRPORT,"75 AIRPORT BOULEVARD, SINGAPORE 819664",Certified,2008.0,221.0,223.0
,,Not Rated,,479.0,493.0
,,Not Rated,,196.0,235.0
,"1 AYER RAJAH AVENUE, SINGAPORE 138676",Platinum,2014.0,158.0,160.0
,"181 UPPER THOMSON ROAD, SINGAPORE 574331",Gold,2014.0,277.0,295.0
NTUC TRADE UNION HOUSE,"73 BRAS BASAH ROAD, SINGAPORE 189556",Gold,2015.0,258.0,240.0
TRIPLEONE SOMERSET,"111 SOMERSET ROAD, SINGAPORE 238164",GoldPlus,2012.0,104.0,109.0
ALFA CENTRE,"99 BUKIT TIMAH ROAD, SINGAPORE 229835",Not Rated,,253.0,255.0
PARKLANE SHOPPING MALL,"35 SELEGIE ROAD, SINGAPORE 188307",Not Rated,,164.0,167.0
MYP PLAZA,"135 CECIL STREET, SINGAPORE 069536",Not Rated,,168.0,192.0
HI-P BUILDING,"11 INTERNATIONAL BUSINESS PARK, SINGAPORE 609926",Not Rated,,1005.0,959.0
GREATWOOD BUILDING,"43 CARPENTER STREET, SINGAPORE 059922",Not Rated,,223.0,227.0
SINGAPORE POLYTECHNIC,"500 DOVER ROAD, SINGAPORE 139651",Platinum,2015.0,134.0,127.0
,,Not Rated,,254.0,220.0
,,Not Rated,,578.0,568.0
GLENEAGLES MEDICAL CENTRE,"6 NAPIER ROAD, SINGAPORE 258499",Not Rated,,225.0,220.0
,,Not Rated,,140.0,137.0
,,Not Rated,,654.0,633.0
SEMBAWANG MART,"511 CANBERRA ROAD, SINGAPORE 750511",Not Rated,,459.0,441.0
,"2 BUKIT MERAH CENTRAL, SINGAPORE 159835",Not Rated,,264.0,245.0
,"1 KAY SIANG ROAD, SINGAPORE 248922",Not Rated,,124.0,98.0
NEW BRIDGE CENTRE,"336 SMITH STREET, SINGAPORE 050336",Not Rated,,248.0,262.0
KITCHENER COMPLEX,"809 FRENCH ROAD, SINGAPORE 200809",Not Rated,,129.0,121.0
WEST COAST PLAZA,"154 WEST COAST ROAD, SINGAPORE 127371",Not Rated,,422.0,419.0
ALEXANDRA POINT,"438 ALEXANDRA ROAD, SINGAPORE 119958",Platinum,2014.0,124.0,124.0
,,Not Rated,,304.0,238.0
BALESTIER PLAZA,"400 BALESTIER ROAD, SINGAPORE 329802",Not Rated,,247.0,218.0
,"55 QUEENSWAY, SINGAPORE 149058",Not Rated,,59.0,73.0
,,Not Rated,,111.0,118.0
THE GRANDSTAND,"200 TURF CLUB ROAD, SINGAPORE 287994",Not Rated,,200.0,170.0
GUTHRIE BUILDING,"150 CHANGI ROAD, SINGAPORE 419973",Not Rated,,195.0,180.0
YEWTEE POINT,"21 CHOA CHU KANG NORTH 6, SINGAPORE 689578",Certified,2017.0,637.0,616.0
QUEENSTOWN POLYCLINIC,"580 STIRLING ROAD, SINGAPORE 148958",Not Rated,,169.0,165.0
BUKIT BATOK POLYCLINIC,"50 BUKIT BATOK WEST AVENUE 3, SINGAPORE 659164",Not Rated,,128.0,123.0
CHOA CHU KANG POLYCLINIC,"2 TECK WHYE CRESCENT, SINGAPORE 688846",Not Rated,,154.0,151.0
JURONG POLYCLINIC,"190 JURONG EAST AVENUE 1, SINGAPORE 609788",Not Rated,,232.0,201.0
PIONEER POLYCLINIC,"26 JURONG WEST STREET 61, SINGAPORE 648201",Not Rated,,87.0,127.0
TRISTAR COMPLEX,"970 GEYLANG ROAD, SINGAPORE 423492",Not Rated,,525.0,553.0
,"145 WEST COAST ROAD, SINGAPORE 127367",Not Rated,,125.0,67.0
SQUARE 2,"10 SINARAN DRIVE, SINGAPORE 307506",Not Rated,,531.0,543.0
,,Not Rated,,390.0,392.0
,,Not Rated,,205.0,222.0
,,Not Rated,,369.0,382.0
,,Not Rated,,300.0,289.0
,,Not Rated,,371.0,327.0
,,Not Rated,,86.0,218.0
,,Not Rated,,321.0,342.0
,,Not Rated,,186.0,184.0
,,Not Rated,,433.0,417.0
,,Not Rated,,294.0,307.0
,,Not Rated,,365.0,386.0
,,Not Rated,,259.0,257.0
,,Not Rated,,328.0,336.0
,,Not Rated,,258.0,271.0
,,Not Rated,,456.0,290.0
,,Not Rated,,397.0,280.0
,,Not Rated,,360.0,379.0
,,Not Rated,,512.0,498.0
,,Not Rated,,219.0,214.0
,,Not Rated,,348.0,361.0
,,Not Rated,,432.0,461.0
,,Not Rated,,310.0,304.0
,,Not Rated,,426.0,441.0
,,Not Rated,,365.0,342.0
,,Not Rated,,272.0,249.0
,,Not Rated,,330.0,345.0
,,Not Rated,,200.0,209.0
,,Not Rated,,288.0,266.0
,,Not Rated,,277.0,288.0
,,Not Rated,,449.0,432.0
,,Not Rated,,394.0,409.0
,,Not Rated,,385.0,403.0
,,Not Rated,,374.0,360.0
,,Not Rated,,420.0,427.0
,,Not Rated,,467.0,435.0
,,Not Rated,,382.0,313.0
,,Not Rated,,375.0,376.0
,,Not Rated,,510.0,511.0
THE ARCADE,"11 COLLYER QUAY, SINGAPORE 049317",Not Rated,,253.0,227.0
JEM,"50 JURONG GATEWAY ROAD, SINGAPORE 608549",Platinum,2018.0,341.0,336.0
,"9 AH HOOD ROAD, SINGAPORE 329975",Not Rated,,77.0,79.0
BURLINGTON SQUARE,"175 BENCOOLEN STREET, SINGAPORE 189649",Not Rated,,268.0,274.0
,,Not Rated,,607.0,652.0
,"31 INTERNATIONAL BUSINESS PARK, SINGAPORE 609921",Not Rated,,143.0,118.0
NATIONAL ARCHIVES OF SINGAPORE,"1 CANNING RISE, SINGAPORE 179868",Not Rated,,363.0,185.0
NATIONAL LIBRARY BUILDING,"100 VICTORIA STREET, SINGAPORE 188064",Platinum,2015.0,221.0,226.0
,"55 KEONG SAIK ROAD, SINGAPORE 089158",Not Rated,,264.0,136.0
,"50 SCOTTS ROAD, SINGAPORE 228242",Gold,2017.0,237.0,250.0
REDDOORZ @ ALJUNIED,"34 LORONG 22 GEYLANG, SINGAPORE 398691",Not Rated,,167.0,173.0
,"61 SOUTH BRIDGE ROAD, SINGAPORE 058691",Not Rated,,135.0,352.0
SANTA GRAND HOTEL LITTLE INDIA,"3 VEERASAMY ROAD, SINGAPORE 207309",Not Rated,,153.0,110.0
SANTA GRAND HOTEL EAST COAST,"171 EAST COAST ROAD, SINGAPORE 428877",Not Rated,,328.0,351.0
SANTA GRAND HOTEL WEST COAST,"428 PASIR PANJANG ROAD, SINGAPORE 118769",Not Rated,,184.0,186.0
SANTA GRAND HOTEL BUGIS,"8 JALAN KUBOR, SINGAPORE 199207",Not Rated,,264.0,261.0
,"711 EAST COAST ROAD, SINGAPORE 459065",Not Rated,,197.0,183.0
RAMADA SINGAPORE AT ZHONGSHAN PARK,"16 AH HOOD ROAD, SINGAPORE 329982",Not Rated,,571.0,580.0
HOUGANG 1,"1 HOUGANG STREET 91, SINGAPORE 538692",Not Rated,,1005.0,995.0
REHAU BUILDING,"1 KING GEORGES AVENUE, SINGAPORE 208557",Not Rated,,153.0,160.0
,,Not Rated,,149.0,155.0
,"142 NEIL ROAD, SINGAPORE 088871",Not Rated,,106.0,55.0
,,Not Rated,,422.0,411.0
THE CATHAY,"2 HANDY ROAD, SINGAPORE 229233",Not Rated,,352.0,337.0
THE MIDTOWN,"1187 UPPER SERANGOON ROAD, SINGAPORE 533971",Not Rated,,295.0,337.0
NORTH-EASTERN ENVIRONMENTAL HEALTH OFFICE,"174 SIN MING DRIVE, SINGAPORE 575715",Not Rated,,139.0,153.0
,"4545 JALAN BUKIT MERAH, SINGAPORE 159466",Not Rated,,122.0,114.0
SOUTH EASTERN ENVIRONMENT HEALTH OFFICE,"70 TANNERY LANE, SINGAPORE 347810",Not Rated,,101.0,94.0
,,Not Rated,,156.0,160.0
,"18 ATTAP VALLEY ROAD, SINGAPORE 759910",Not Rated,,102.0,99.0
,,Not Rated,,365.0,362.0
GREAT EASTERN CENTRE,"1 PICKERING STREET, SINGAPORE 048659",Certified,2010.0,198.0,194.0
112 KATONG,"112 EAST COAST ROAD, SINGAPORE 428802",Not Rated,,467.0,396.0
,"443 GEYLANG ROAD, SINGAPORE 389403",Not Rated,,142.0,159.0
,"25 RECREATION ROAD, SINGAPORE 546522",Not Rated,,90.0,90.0
,"53 CHOA CHU KANG ROAD, SINGAPORE 689385",Not Rated,,170.0,192.0
,"451 YIO CHU KANG ROAD, SINGAPORE 805947",Not Rated,,83.0,78.0
ECON MEDICARE CENTRE,"452 UPPER EAST COAST ROAD, SINGAPORE 466500",Not Rated,,224.0,223.0
ECON MEDICARE CENTRE,"58 BRADDELL ROAD, SINGAPORE 359905",Not Rated,,150.0,159.0
LASALLE COLLEGE OF THE ARTS,"1 MCNALLY STREET, SINGAPORE 187940",Gold,2016.0,167.0,168.0
,"71 CHAI CHEE STREET, SINGAPORE 468981",GoldPlus,2017.0,115.0,106.0
,,Not Rated,,135.0,136.0
MOUNTBATTEN SQUARE,"229 MOUNTBATTEN ROAD, SINGAPORE 398007",Not Rated,,125.0,115.0
,"16 INTERNATIONAL BUSINESS PARK, SINGAPORE 609929",Not Rated,,151.0,149.0
,"1 UPPER CIRCULAR ROAD, SINGAPORE 058400",Not Rated,,256.0,255.0
,,Not Rated,,134.0,132.0
CONNECTION ONE,"168 JALAN BUKIT MERAH, SINGAPORE 150168",Platinum,2014.0,141.0,142.0
,,Not Rated,,238.0,234.0
THE ADELPHI,"1 COLEMAN STREET, SINGAPORE 179803",Platinum,2017.0,230.0,160.0
REALTY CENTRE,"15 ENGGOR STREET, SINGAPORE 079716",Not Rated,,213.0,180.0
,"21 BUKIT BATOK STREET 22, SINGAPORE 659589",Not Rated,,143.0,137.0
SINGAPORE DISCOVERY CENTRE,"510 UPPER JURONG ROAD, SINGAPORE 638365",Not Rated,,339.0,325.0
,"44 LORONG 6 GEYLANG, SINGAPORE 399199",Not Rated,,266.0,248.0
,"12 LORONG 10 GEYLANG, SINGAPORE 399045",Not Rated,,163.0,153.0
,"14 LORONG 10 GEYLANG, SINGAPORE 399047",Not Rated,,224.0,207.0
FOOK HAI BUILDING,"150 SOUTH BRIDGE ROAD, SINGAPORE 058727",Not Rated,,177.0,187.0
TRAVELLERS LOFT @ JALAN BESAR,"290 JALAN BESAR, SINGAPORE 208953",Not Rated,,492.0,521.0
FAMILY LINK @ LENGKOK BAHRU,"8 LENGKOK BAHRU, SINGAPORE 159052",Certified,2009.0,112.0,118.0
HSBC HOUSE,"24 CHEONG CHIN NAM ROAD, SINGAPORE 599747",Not Rated,,378.0,380.0
,,Not Rated,,217.0,233.0
BEA BUILDING,"60 ROBINSON ROAD, SINGAPORE 068892",Not Rated,,305.0,292.0
ICON@IBP,"3A INTERNATIONAL BUSINESS PARK, SINGAPORE 609935",GoldPlus,2009.0,107.0,102.0
PENINSULA SHOPPING COMPLEX,"3 COLEMAN STREET, SINGAPORE 179804",Not Rated,,423.0,392.0
VISIONCREST,"103 PENANG ROAD, SINGAPORE 238467",Not Rated,,166.0,169.0
JALAN BESAR PLAZA,"101 KITCHENER ROAD, SINGAPORE 208511",Not Rated,,120.0,117.0
CONNEXION,"1 FARRER PARK STATION ROAD, SINGAPORE 217562",Platinum,2011.0,299.0,322.0
UE SQUARE,"83 CLEMENCEAU AVENUE, SINGAPORE 239920",Not Rated,,495.0,478.0
,"450 ALEXANDRA ROAD, SINGAPORE 119960",Not Rated,,1339.0,1184.0
THE ROCHESTER,"35 ROCHESTER DRIVE, SINGAPORE 138639",Gold,2009.0,134.0,127.0
ONE FINLAYSON GREEN,"1 FINLAYSON GREEN, SINGAPORE 049246",Not Rated,,191.0,188.0
VIVA VISTA,"3 SOUTH BUONA VISTA ROAD, SINGAPORE 118136",Not Rated,,102.0,107.0
THE OCTAGON,"105 CECIL STREET, SINGAPORE 069534",Certified,2016.0,127.0,113.0
,,Not Rated,,172.0,165.0
,"2 LENGKOK BAHRU, SINGAPORE 159047",Not Rated,,215.0,252.0
THE BENCOOLEN,"180 BENCOOLEN STREET, SINGAPORE 189646",Not Rated,,139.0,128.0
,,Not Rated,,251.0,40.0
WILKIE EDGE,"8 WILKIE ROAD, SINGAPORE 228095",Gold,2016.0,262.0,269.0
,"30 HILL STREET, SINGAPORE 179360",Gold,2016.0,219.0,205.0
THOMSON MEDICAL CENTRE,"339 THOMSON ROAD, SINGAPORE 307677",Not Rated,,381.0,348.0
HOUSE OF TAN YEOK NEE,"101 PENANG ROAD, SINGAPORE 238466",Not Rated,,70.0,90.0
,,Not Rated,,623.0,616.0
,"182 CLEMENCEAU AVENUE, SINGAPORE 239923",Not Rated,,62.0,42.0
HOUGANG GREEN SHOPPING MALL,"21 HOUGANG STREET 51, SINGAPORE 538719",Not Rated,,442.0,448.0
MACDONALD HOUSE,"40A ORCHARD ROAD, SINGAPORE 238838",Not Rated,,208.0,188.0
UNITED HOUSE,"20 KRAMAT LANE, SINGAPORE 228773",Not Rated,,107.0,75.0
PARK ROCHESTER AVENUE,"31 ROCHESTER DRIVE, SINGAPORE 138637",Gold,2009.0,162.0,164.0
BROADWAY PLAZA,"4190 ANG MO KIO AVENUE 6, SINGAPORE 569841",Not Rated,,345.0,405.0
,"298 JALAN BUKIT HO SWEE, SINGAPORE 169565",Not Rated,,63.0,2.0
,"8 LOWER DELTA ROAD, SINGAPORE 169198",Not Rated,,597.0,862.0
GOLDHILL PLAZA,"1 GOLDHILL PLAZA, SINGAPORE 308899",Not Rated,,434.0,401.0
,,Not Rated,,361.0,391.0
,"18 SCIENCE PARK DRIVE, SINGAPORE 118229",Not Rated,,1078.0,1068.0
PARKWAY CENTRE,"1 MARINE PARADE CENTRAL, SINGAPORE 449408",Not Rated,,197.0,198.0
CORONATION PLAZA,"587 BUKIT TIMAH ROAD, SINGAPORE 269707",Not Rated,,697.0,696.0
THE STAR VISTA,"1 VISTA EXCHANGE GREEN, SINGAPORE 138617",Gold,2009.0,351.0,340.0
PEOPLE'S PARK CENTRE,"101 UPPER CROSS STREET, SINGAPORE 058357",Not Rated,,224.0,209.0
HOLLAND ROAD SHOPPING CENTRE,"211 HOLLAND AVENUE, SINGAPORE 278967",Not Rated,,426.0,430.0
,,Not Rated,,293.0,259.0
SUNTEC CITY MALL,"3 TEMASEK BOULEVARD, SINGAPORE 038983",Gold,2016.0,298.0,303.0
WEST POINT HOSPITAL,"235 CORPORATION DRIVE, SINGAPORE 619771",Not Rated,,325.0,253.0
,,Not Rated,,515.0,501.0
,,Not Rated,,501.0,495.0
TONG BUILDING,"302 ORCHARD ROAD, SINGAPORE 238862",Not Rated,,174.0,151.0
GREEN WORLD,"3 SENG POH ROAD, SINGAPORE 168891",Not Rated,,361.0,388.0
WAH-CHANG HOUSE,"211 UPPER BUKIT TIMAH ROAD, SINGAPORE 588182",Not Rated,,157.0,156.0
,,Not Rated,,303.0,300.0
,,Not Rated,,177.0,181.0
,,Not Rated,,349.0,381.0
,,Not Rated,,352.0,376.0
,,Not Rated,,113.0,274.0
,,Not Rated,,289.0,285.0
,,Not Rated,,186.0,185.0
,,Not Rated,,169.0,179.0
,,Not Rated,,421.0,414.0
,,Not Rated,,219.0,213.0
,,Not Rated,,267.0,215.0
,,Not Rated,,327.0,347.0
,,Not Rated,,235.0,248.0
,,Not Rated,,155.0,152.0
,,Not Rated,,237.0,215.0
,,Not Rated,,157.0,154.0
,,Not Rated,,311.0,336.0
,,Not Rated,,314.0,284.0
,,Not Rated,,385.0,399.0
,,Not Rated,,200.0,267.0
,,Not Rated,,244.0,244.0
,,Not Rated,,233.0,248.0
,,Not Rated,,201.0,314.0
COMO HOUSE,"6B ORANGE GROVE ROAD, SINGAPORE 258332",Not Rated,,330.0,364.0
GALAXIS,"1 FUSIONOPOLIS PLACE, SINGAPORE 138522",Platinum,2014.0,184.0,185.0
AIR VIEW BUILDING,"38 MAXWELL ROAD, SINGAPORE 069116",Not Rated,,225.0,227.0
,"60 LORONG 8 GEYLANG, SINGAPORE 399120",Not Rated,,142.0,140.0
SEMBAWANG SHOPPING CENTRE,"604 SEMBAWANG ROAD, SINGAPORE 758459",Gold,2016.0,504.0,488.0
BUKIT TIMAH SHOPPING CENTRE,"170 UPPER BUKIT TIMAH ROAD, SINGAPORE 588179",Gold,2014.0,148.0,156.0
,,Not Rated,,219.0,234.0
,,Not Rated,,303.0,322.0
,"146 ROBINSON ROAD, SINGAPORE 068909",Not Rated,,149.0,142.0
UOB TAMPINES CENTRE,"1 TAMPINES CENTRAL 1, SINGAPORE 529539",Not Rated,,1394.0,1400.0
FAR EASTERN BANK BUILDING,"156 CECIL STREET, SINGAPORE 069544",Not Rated,,178.0,158.0
UOB PLAZA,"80 RAFFLES PLACE, SINGAPORE 048624",GoldPlus,2013.0,275.0,290.0
,"8 ANTHONY ROAD, SINGAPORE 229957",Not Rated,,306.0,294.0
UOB ALEXANDRA BUILDING,"396 ALEXANDRA ROAD, SINGAPORE 119954",GoldPlus,2017.0,657.0,701.0
UOB CENTRE,"148 UPPER BUKIT TIMAH ROAD, SINGAPORE 588178",Not Rated,,149.0,136.0
HDB HUB,"490 LORONG 6 TOA PAYOH, SINGAPORE 310490",Platinum,2014.0,219.0,216.0
SELEGIE CENTRE,"189 SELEGIE ROAD, SINGAPORE 188332",Not Rated,,475.0,485.0
TOURISM COURT,"1 ORCHARD SPRING LANE, SINGAPORE 247729",Not Rated,,164.0,152.0
THE CHADWICK,"81 SCIENCE PARK DRIVE, SINGAPORE 118257",Not Rated,,304.0,204.0
THE CURIE,"83 SCIENCE PARK DRIVE, SINGAPORE 118258",Not Rated,,168.0,195.0
THE CAVENDISH,"85 SCIENCE PARK DRIVE, SINGAPORE 118259",Not Rated,,885.0,870.0
ESPLANADE MALL,"8 RAFFLES AVENUE, SINGAPORE 039802",Platinum,2018.0,309.0,264.0
INTERCONTINENTAL SINGAPORE ROBERTSON QUAY,"1 NANSON ROAD, SINGAPORE 238909",Not Rated,,138.0,391.0
ELECTION DEPARTMENT,"11 PRINSEP LINK, SINGAPORE 187949",Not Rated,,411.0,484.0
,"26 BEACH ROAD, SINGAPORE 189768",Platinum,2011.0,264.0,264.0
PEOPLE'S ASSOCIATION,"9 KING GEORGES AVENUE, SINGAPORE 208581",GoldPlus,2009.0,147.0,145.0
SINGAPORE BUSINESS FEDERATION CENTER,"160 ROBINSON ROAD, SINGAPORE 068914",Platinum,2014.0,127.0,148.0
EIGHTRIUM @ CHANGI BUSINESS PARK,"15A CHANGI BUSINESS PARK CENTRAL 1, SINGAPORE 486035",Not Rated,,120.0,116.0
THE FLOW,"66 EAST COAST ROAD, SINGAPORE 428778",Certified,2017.0,43.0,87.0
PAYA LEBAR SQUARE,"60 PAYA LEBAR ROAD, SINGAPORE 409051",GoldPlus,2013.0,243.0,243.0
JAYLEEN 1918 HOTEL,"42 CARPENTER STREET, SINGAPORE 059921",Not Rated,,211.0,180.0
SIAKSON BUILDING,"3 MILLER STREET, SINGAPORE 188899",Not Rated,,125.0,144.0
,"180 ORCHARD ROAD, SINGAPORE 238846",Not Rated,,406.0,358.0
VANGUARD BUILDING,"71 STAMFORD ROAD, SINGAPORE 178895",Not Rated,,263.0,291.0
,"25 LORONG 18 GEYLANG, SINGAPORE 398806",Not Rated,,92.0,100.0
SCDF HQ 2ND CD DIVISION,"1 TAMPINES INDUSTRIAL AVENUE 3, SINGAPORE 528777",Not Rated,,169.0,156.0
600 @ TOA PAYOH,"600 LORONG 4 TOA PAYOH, SINGAPORE 319515",Not Rated,,444.0,487.0
,,Not Rated,,140.0,133.0
LODGE 41,"41 LORONG 16 GEYLANG, SINGAPORE 398877",Not Rated,,59.0,92.0
,"81 BEACH ROAD, SINGAPORE 189692",Not Rated,,210.0,210.0
NATIONAL INSTITUTE OF EDUCATION,"1 NANYANG WALK, SINGAPORE 637616",Platinum,2017.0,80.0,79.0
OUR TAMPINES HUB,"51 TAMPINES AVENUE 4, SINGAPORE 529684",Platinum,2018.0,68.0,1.0
SOUTHPOINT,"200 CANTONMENT ROAD, SINGAPORE 089763",Not Rated,,173.0,158.0
CHAN BROTHERS BUILDING,"452 NORTH BRIDGE ROAD, SINGAPORE 188733",Not Rated,,259.0,272.0
PKMS BUILDING,"218 CHANGI ROAD, SINGAPORE 419737",Not Rated,,92.0,109.0
,,Not Rated,,159.0,191.0
,"61 ANG MO KIO AVENUE 8, SINGAPORE 569814",Not Rated,,436.0,433.0
321 CLEMENTI,"321 CLEMENTI AVENUE 3, SINGAPORE 129905",Platinum,2015.0,328.0,349.0
CHIAT HONG BUILDING,"110 MIDDLE ROAD, SINGAPORE 188968",Not Rated,,201.0,198.0
,"246 BALESTIER ROAD, SINGAPORE 329706",Not Rated,,160.0,147.0
SAI HO BUILDING,"777 UPPER SERANGOON ROAD, SINGAPORE 534645",Not Rated,,119.0,105.0
MAXWELL HOUSE,"20 MAXWELL ROAD, SINGAPORE 069113",Platinum,2017.0,153.0,124.0
CHAMPION HOTEL,"60 JOO CHIAT ROAD, SINGAPORE 427726",Not Rated,,349.0,373.0
,"20 LORONG 17 GEYLANG, SINGAPORE 388575",Not Rated,,266.0,268.0
HOTEL CLOVER 7 HONGKONG STREET,"7 HONGKONG STREET, SINGAPORE 059650",Not Rated,,278.0,297.0
HOTEL CLOVER THE ARTS,"58 SOUTH BRIDGE ROAD, SINGAPORE 058689",Not Rated,,170.0,184.0
HOTEL CLOVER 769 NORTH BRIDGE ROAD,"769 NORTH BRIDGE ROAD, SINGAPORE 198737",Not Rated,,272.0,336.0
ICB SHOPPING CENTRE,"6 YIO CHU KANG ROAD, SINGAPORE 545521",Not Rated,,18.0,14.0
,"1 LARKHILL ROAD, SINGAPORE 099394",Platinum,2019.0,419.0,401.0
HOTEL FORT CANING,"11 CANNING WALK, SINGAPORE 178881",GoldPlus,2015.0,341.0,326.0
HOTEL MONO,"18 MOSQUE STREET, SINGAPORE 059498",Not Rated,,426.0,442.0
JINSHAN HOTEL,"20 TRENGGANU STREET, SINGAPORE 058479",Not Rated,,441.0,411.0
SIM LIM TOWER,"10 JALAN BESAR, SINGAPORE 208787",GoldPlus,2018.0,135.0,128.0
YEW TEE SQUARE,"623 CHOA CHU KANG STREET 62, SINGAPORE 680623",Not Rated,,147.0,146.0
,"2 ONE-NORTH GATEWAY, SINGAPORE 138502",Platinum,2016.0,199.0,179.0
JUNCTION 10,"1 WOODLANDS ROAD, SINGAPORE 677899",Not Rated,,482.0,400.0
ATLAND HOUSE,"200 BUKIT TIMAH ROAD, SINGAPORE 229862",Not Rated,,150.0,132.0
8 ON CLAYMORE,"8 CLAYMORE HILL, SINGAPORE 229572",Gold,2012.0,204.0,201.0
ICB ENTERPRISE HOUSE,"116 MIDDLE ROAD, SINGAPORE 188972",Not Rated,,71.0,70.0
CHIJMES,"30 VICTORIA STREET, SINGAPORE 187996",Certified,2015.0,511.0,520.0
,"16 UPPER CROSS STREET, SINGAPORE 058331",Not Rated,,314.0,348.0
THE SOUTHBRIDGE HOTEL,"210 SOUTH BRIDGE ROAD, SINGAPORE 058759",Not Rated,,217.0,217.0
,,Not Rated,,117.0,129.0
,,Not Rated,,218.0,211.0
SHAW CENTRE,"1 SCOTTS ROAD, SINGAPORE 228208",Gold,2012.0,367.0,362.0
SHAW HOUSE,"350 ORCHARD ROAD, SINGAPORE 238868",Gold,2012.0,268.0,260.0
THE ORIENTAL PLAZA,"291 NEW BRIDGE ROAD, SINGAPORE 088756",Not Rated,,402.0,379.0
MASONIC HALL,"23A COLEMAN STREET, SINGAPORE 179806",Not Rated,,135.0,100.0
CUSTOMS HOUSE,"70 COLLYER QUAY, SINGAPORE 049323",Not Rated,,498.0,494.0
CHANGI COVE,"351 CRANWELL ROAD, SINGAPORE 509866",Not Rated,,53.0,44.0
TKH BUILDING,"78 SOUTH BRIDGE ROAD, SINGAPORE 058708",Not Rated,,167.0,147.0
CARPENTER HAUS,"36 CARPENTER STREET, SINGAPORE 059915",Not Rated,,14.0,38.0
HOTEL NUVE,"11 JALAN PINANG, SINGAPORE 199143",Not Rated,,256.0,259.0
,,Not Rated,,174.0,171.0
223 @ MOUNTBATTEN,"223 MOUNTBATTEN ROAD, SINGAPORE 398008",Not Rated,,90.0,95.0
ENABLING VILLAGE,"20 LENGKOK BAHRU, SINGAPORE 159053",Not Rated,,145.0,162.0
,"149 COMPASSVALE BOW, SINGAPORE 544690",Not Rated,,46.0,66.0
PS100,"100 PECK SEAH STREET, SINGAPORE 079333",Not Rated,,291.0,305.0
ALEXANDRA CENTRAL,"323 ALEXANDRA ROAD, SINGAPORE 159972",Not Rated,,110.0,109.0
SPRINGLEAF TOWER,"3 ANSON ROAD, SINGAPORE 079909",Not Rated,,225.0,209.0
ROYAL SQUARE AT NOVENA,"99 IRRAWADDY ROAD, SINGAPORE 329568",Platinum,2017.0,68.0,208.0
CHOON KIM HOUSE,"780 UPPER SERANGOON ROAD, SINGAPORE 534649",Not Rated,,447.0,463.0
YUHUA COMMUNITY CLUB,"90 BOON LAY WAY, SINGAPORE 609958",Not Rated,,57.0,51.0
PARC SOVEREIGN HOTEL - TYRWHITT,"165 TYRWHITT ROAD, SINGAPORE 207569",Not Rated,,251.0,254.0
NORTH BRIDGE CENTRE,"420 NORTH BRIDGE ROAD, SINGAPORE 188727",Gold,2014.0,137.0,137.0
,,Not Rated,,420.0,437.0
PREMIER INN,"700 BEACH ROAD, SINGAPORE 199598",Not Rated,,298.0,331.0
,"1G CLUNY ROAD, SINGAPORE 259603",Not Rated,,269.6565547128927,267.3911159263272
SPCS BUILDING,"250 SIMS AVENUE, SINGAPORE 387513",Not Rated,,155.0,114.0
,,Not Rated,,369.0,381.0
BUGIS JUNCTION,"230 VICTORIA STREET, SINGAPORE 188024",Platinum,2017.0,382.0,378.0
KAP,"9 KING ALBERT PARK, SINGAPORE 598332",Not Rated,,87.0,179.0
MND BUILDING,"5 MAXWELL ROAD, SINGAPORE 069110",Not Rated,,159.0,138.0
NATIONAL DESIGN CENTRE,"111 MIDDLE ROAD, SINGAPORE 188969",Platinum,2016.0,198.0,196.0
WATERTOWN,"83 PUNGGOL CENTRAL, SINGAPORE 828761",GoldPlus,2015.0,549.0,561.0
OCBC TAMPINES CENTRE ONE,"11 TAMPINES CENTRAL 1, SINGAPORE 529542",Gold,2014.0,834.0,274.0
OCBC TAMPINES CENTRE TWO,"31 TAMPINES AVENUE 4, SINGAPORE 529680",Gold,2014.0,282.0,290.0
,,Not Rated,,146.0,142.0
DJIT SUN MALL,"5 ANG MO KIO CENTRAL 2, SINGAPORE 569663",Certified,2013.0,469.0,498.0
,,Not Rated,,166.0,172.0
LIFELONG LEARNING INSTITUTE,"11 EUNOS ROAD 8, SINGAPORE 408601",Platinum,2013.0,163.0,156.0
,,Not Rated,,213.0,274.0
BALESTIER 288,"288 BALESTIER ROAD, SINGAPORE 329731",Not Rated,,145.0,133.0
MERCHANTS BUILDING,"76 SOUTH BRIDGE ROAD, SINGAPORE 058706",Not Rated,,177.0,222.0
,,Not Rated,,202.0,188.0
,"8 MOSQUE STREET, SINGAPORE 059488",Not Rated,,864.0,1056.0
BEDS AND DREAMS INN @ CLARKE QUAY,"38 HONGKONG STREET, SINGAPORE 059677",Not Rated,,212.0,225.0
WAI WING CENTRE,"501 BALESTIER ROAD, SINGAPORE 329844",Not Rated,,83.0,83.0
,,Not Rated,,71.0,69.0
GRANDLINK SQUARE,"511 GUILLEMARD ROAD, SINGAPORE 399849",Not Rated,,375.0,327.0
APEX HARMONY LODGE,"10 PASIR RIS WALK, SINGAPORE 518240",Not Rated,,91.0,78.0
PHILIPPINES EMBASSY,"20 NASSIM ROAD, SINGAPORE 258395",Not Rated,,180.0,205.0
,,Not Rated,,354.0,331.0
ORCHARD SHOPPING CENTRE,"321 ORCHARD ROAD, SINGAPORE 238866",Not Rated,,344.0,288.0
TELEPARK,"5 TAMPINES CENTRAL 6, SINGAPORE 529482",Not Rated,,564.0,573.0
BISHAN SPORTS HALL,"5 BISHAN STREET 14, SINGAPORE 579783",Not Rated,,552.0,530.0
UNION BUILDING,"171 TRAS STREET, SINGAPORE 079025",Not Rated,,797.0,604.0
CLAYMORE PLAZA,"6 CLAYMORE HILL, SINGAPORE 229571",Not Rated,,388.0,342.0
HERITAGE PLACE,"21 TAN QUEE LAN STREET, SINGAPORE 188108",Not Rated,,347.0,371.0
TEMBELING CENTRE,"252 TEMBELING ROAD, SINGAPORE 423731",Not Rated,,178.0,162.0
BRIGHT CENTRE,"212 TELOK KURAU ROAD, SINGAPORE 423835",Not Rated,,62.0,59.0
CHINATOWN PLAZA,"34 CRAIG ROAD, SINGAPORE 089673",Not Rated,,325.0,315.0
,,Not Rated,,175.0,161.0
THE DOMAIN,"914 EAST COAST ROAD, SINGAPORE 459108",Not Rated,,140.0,122.0
BEAUTY WORLD PLAZA,"140 UPPER BUKIT TIMAH ROAD, SINGAPORE 588176",Not Rated,,298.0,284.0
JK CENTRE,"291 JOO CHIAT ROAD, SINGAPORE 427543",Not Rated,,502.0,482.0
PHIL INN,"43 DICKSON ROAD, SINGAPORE 209518",Not Rated,,353.0,329.0
NEW WORLD CENTRE,"1 JALAN BERSEH, SINGAPORE 209037",Not Rated,,322.0,317.0
,"289 BEACH ROAD, SINGAPORE 199552",Not Rated,,350.0,303.0
SCAPE,"2 ORCHARD LINK, SINGAPORE 237978",Gold,2017.0,370.0,359.0
TEAMBUILD CENTRE,"701 GEYLANG ROAD, SINGAPORE 389687",Not Rated,,239.0,226.0
SIMS AVENUE CENTRE,"540 SIMS AVENUE, SINGAPORE 387603",Not Rated,,181.0,185.0
ORIENTAL VENTURE BUILDING,"711 GEYLANG ROAD, SINGAPORE 389626",Not Rated,,121.0,104.0
,"586 GEYLANG ROAD, SINGAPORE 389525",Not Rated,,469.0,586.0
,"31 LORONG 8 GEYLANG, SINGAPORE 399095",Not Rated,,132.0,129.0
,,Not Rated,,13.0,228.0
,,Not Rated,,377.0,389.0
,,Not Rated,,196.0,187.0
DIMENSIONS BUILDING,"23 KAMPONG BAHRU ROAD, SINGAPORE 169349",Not Rated,,437.0,425.0
,"333 JALAN BESAR, SINGAPORE 209018",Not Rated,,72.0,68.0
,,Not Rated,,49.0,44.0
,,Not Rated,,65.0,79.0
,,Not Rated,,174.0,211.0
,,Not Rated,,269.6565547128927,267.3911159263272
,,Not Rated,,269.6565547128927,267.3911159263272
,,Not Rated,,269.6565547128927,267.3911159263272
,,Not Rated,,2362.0,2330.0
,,Not Rated,,162.0,171.0
,,Not Rated,,269.6565547128927,267.3911159263272
,,Not Rated,,269.6565547128927,267.3911159263272
,,Not Rated,,269.6565547128927,267.3911159263272
,,Not Rated,,269.6565547128927,267.3911159263272
,,Not Rated,,245.0,269.0
,,Not Rated,,712.0,687.0
,,Not Rated,,0.0,23.0
,,Not Rated,,94.0,80.0
,,Not Rated,,269.6565547128927,267.3911159263272
,,Not Rated,,269.6565547128927,267.3911159263272
THE WOODGROVE,"30 WOODLANDS AVENUE 1, SINGAPORE 739065",Not Rated,,270.0,233.0
,,Not Rated,,133.0,165.0
,"1 CREATE WAY, SINGAPORE 138602",Platinum,2017.0,269.6565547128927,267.3911159263272
THE 101,"101 BEACH ROAD, SINGAPORE 189703",Not Rated,,195.0,163.0
MIDPOINT ORCHARD,"220 ORCHARD ROAD, SINGAPORE 238852",Not Rated,,369.0,380.0
BENCOOLEN RESIDENCES,"51 BENCOOLEN STREET, SINGAPORE 189630",Not Rated,,207.0,214.0
SINGAPORE POOLS BUILDING,"210 MIDDLE ROAD, SINGAPORE 188994",GoldPlus,2013.0,264.0,264.0
,,Not Rated,,528.0,551.0
BAY HOTEL SINGAPORE,"50 TELOK BLANGAH ROAD, SINGAPORE 098828",Not Rated,,396.0,394.0
INTERNATIONAL BUILDING,"360 ORCHARD ROAD, SINGAPORE 238869",GoldPlus,2015.0,349.0,535.0
BANK OF SINGAPORE CENTRE,"63 MARKET STREET, SINGAPORE 048942",Not Rated,,456.0,458.0
,,Not Rated,,223.0,223.0
OCBC CAMPUS,"260 TANJONG PAGAR ROAD, SINGAPORE 088542",Not Rated,,155.0,160.0
,,Not Rated,,181.0,169.0
,,Not Rated,,230.0,173.0
POMO,"1 SELEGIE ROAD, SINGAPORE 188306",Platinum,2010.0,288.0,261.0
,,Not Rated,,203.0,204.0
PARKWAY PARADE,"80 MARINE PARADE ROAD, SINGAPORE 449269",Platinum,2016.0,326.0,330.0
,"14 INTERNATIONAL BUSINESS PARK, SINGAPORE 609922",Not Rated,,213.0,191.0
