[
    {
        "help": "https://data.gov.sg/api/3/action/help_show?name=datastore_search",
        "result": {
            "_links": {
                "next": "/api/action/datastore_search?offset=100&resource_id=91b1a472-6325-4070-8c34-96f9a07e830f",
                "start": "/api/action/datastore_search?resource_id=91b1a472-6325-4070-8c34-96f9a07e830f"
            },
            "fields": [
                {
                    "id": "_id",
                    "type": "int4"
                },
                {
                    "id": "year",
                    "type": "numeric"
                },
                {
                    "id": "sector",
                    "type": "text"
                },
                {
                    "id": "energy_products",
                    "type": "text"
                },
                {
                    "id": "consumption_ktoe",
                    "type": "numeric"
                }
            ],
            "records": [
                {
                    "_id": 1,
                    "consumption_ktoe": "0",
                    "energy_products": "Coal and Peat",
                    "sector": "Commerce and Services-related",
                    "year": "2009"
                },
                {
                    "_id": 2,
                    "consumption_ktoe": "0",
                    "energy_products": "Crude Oil",
                    "sector": "Commerce and Services-related",
                    "year": "2009"
                },
                {
                    "_id": 3,
                    "consumption_ktoe": "1272.6",
                    "energy_products": "Electricity",
                    "sector": "Commerce and Services-related",
                    "year": "2009"
                },
                {
                    "_id": 4,
                    "consumption_ktoe": "72.9",
                    "energy_products": "Natural Gas",
                    "sector": "Commerce and Services-related",
                    "year": "2009"
                },
                {
                    "_id": 5,
                    "consumption_ktoe": "0",
                    "energy_products": "Others",
                    "sector": "Commerce and Services-related",
                    "year": "2009"
                },
                {
                    "_id": 6,
                    "consumption_ktoe": "78.5",
                    "energy_products": "Petroleum Products",
                    "sector": "Commerce and Services-related",
                    "year": "2009"
                },
                {
                    "_id": 7,
                    "consumption_ktoe": "0",
                    "energy_products": "Coal and Peat",
                    "sector": "Households",
                    "year": "2009"
                },
                {
                    "_id": 8,
                    "consumption_ktoe": "0",
                    "energy_products": "Crude Oil",
                    "sector": "Households",
                    "year": "2009"
                },
                {
                    "_id": 9,
                    "consumption_ktoe": "552.9",
                    "energy_products": "Electricity",
                    "sector": "Households",
                    "year": "2009"
                },
                {
                    "_id": 10,
                    "consumption_ktoe": "54",
                    "energy_products": "Natural Gas",
                    "sector": "Households",
                    "year": "2009"
                },
                {
                    "_id": 11,
                    "consumption_ktoe": "0",
                    "energy_products": "Others",
                    "sector": "Households",
                    "year": "2009"
                },
                {
                    "_id": 12,
                    "consumption_ktoe": "25.3",
                    "energy_products": "Petroleum Products",
                    "sector": "Households",
                    "year": "2009"
                },
                {
                    "_id": 13,
                    "consumption_ktoe": "3",
                    "energy_products": "Coal and Peat",
                    "sector": "Industry-related",
                    "year": "2009"
                },
                {
                    "_id": 14,
                    "consumption_ktoe": "0",
                    "energy_products": "Crude Oil",
                    "sector": "Industry-related",
                    "year": "2009"
                },
                {
                    "_id": 15,
                    "consumption_ktoe": "1338.8",
                    "energy_products": "Electricity",
                    "sector": "Industry-related",
                    "year": "2009"
                },
                {
                    "_id": 16,
                    "consumption_ktoe": "726.4",
                    "energy_products": "Natural Gas",
                    "sector": "Industry-related",
                    "year": "2009"
                },
                {
                    "_id": 17,
                    "consumption_ktoe": "0",
                    "energy_products": "Others",
                    "sector": "Industry-related",
                    "year": "2009"
                },
                {
                    "_id": 18,
                    "consumption_ktoe": "4177.7",
                    "energy_products": "Petroleum Products",
                    "sector": "Industry-related",
                    "year": "2009"
                },
                {
                    "_id": 19,
                    "consumption_ktoe": "0",
                    "energy_products": "Coal and Peat",
                    "sector": "Others",
                    "year": "2009"
                },
                {
                    "_id": 20,
                    "consumption_ktoe": "0",
                    "energy_products": "Crude Oil",
                    "sector": "Others",
                    "year": "2009"
                },
                {
                    "_id": 21,
                    "consumption_ktoe": "35.6",
                    "energy_products": "Electricity",
                    "sector": "Others",
                    "year": "2009"
                },
                {
                    "_id": 22,
                    "consumption_ktoe": "0.8",
                    "energy_products": "Natural Gas",
                    "sector": "Others",
                    "year": "2009"
                },
                {
                    "_id": 23,
                    "consumption_ktoe": "0",
                    "energy_products": "Others",
                    "sector": "Others",
                    "year": "2009"
                },
                {
                    "_id": 24,
                    "consumption_ktoe": "0",
                    "energy_products": "Petroleum Products",
                    "sector": "Others",
                    "year": "2009"
                },
                {
                    "_id": 25,
                    "consumption_ktoe": "0",
                    "energy_products": "Coal and Peat",
                    "sector": "Transport-related",
                    "year": "2009"
                },
                {
                    "_id": 26,
                    "consumption_ktoe": "0",
                    "energy_products": "Crude Oil",
                    "sector": "Transport-related",
                    "year": "2009"
                },
                {
                    "_id": 27,
                    "consumption_ktoe": "138.2",
                    "energy_products": "Electricity",
                    "sector": "Transport-related",
                    "year": "2009"
                },
                {
                    "_id": 28,
                    "consumption_ktoe": "13.7",
                    "energy_products": "Natural Gas",
                    "sector": "Transport-related",
                    "year": "2009"
                },
                {
                    "_id": 29,
                    "consumption_ktoe": "0",
                    "energy_products": "Others",
                    "sector": "Transport-related",
                    "year": "2009"
                },
                {
                    "_id": 30,
                    "consumption_ktoe": "2193.3",
                    "energy_products": "Petroleum Products",
                    "sector": "Transport-related",
                    "year": "2009"
                },
                {
                    "_id": 31,
                    "consumption_ktoe": "0",
                    "energy_products": "Coal and Peat",
                    "sector": "Commerce and Services-related",
                    "year": "2010"
                },
                {
                    "_id": 32,
                    "consumption_ktoe": "0",
                    "energy_products": "Crude Oil",
                    "sector": "Commerce and Services-related",
                    "year": "2010"
                },
                {
                    "_id": 33,
                    "consumption_ktoe": "1330.2",
                    "energy_products": "Electricity",
                    "sector": "Commerce and Services-related",
                    "year": "2010"
                },
                {
                    "_id": 34,
                    "consumption_ktoe": "78.3",
                    "energy_products": "Natural Gas",
                    "sector": "Commerce and Services-related",
                    "year": "2010"
                },
                {
                    "_id": 35,
                    "consumption_ktoe": "0",
                    "energy_products": "Others",
                    "sector": "Commerce and Services-related",
                    "year": "2010"
                },
                {
                    "_id": 36,
                    "consumption_ktoe": "84.2",
                    "energy_products": "Petroleum Products",
                    "sector": "Commerce and Services-related",
                    "year": "2010"
                },
                {
                    "_id": 37,
                    "consumption_ktoe": "0",
                    "energy_products": "Coal and Peat",
                    "sector": "Households",
                    "year": "2010"
                },
                {
                    "_id": 38,
                    "consumption_ktoe": "0",
                    "energy_products": "Crude Oil",
                    "sector": "Households",
                    "year": "2010"
                },
                {
                    "_id": 39,
                    "consumption_ktoe": "570.6",
                    "energy_products": "Electricity",
                    "sector": "Households",
                    "year": "2010"
                },
                {
                    "_id": 40,
                    "consumption_ktoe": "53.9",
                    "energy_products": "Natural Gas",
                    "sector": "Households",
                    "year": "2010"
                },
                {
                    "_id": 41,
                    "consumption_ktoe": "0",
                    "energy_products": "Others",
                    "sector": "Households",
                    "year": "2010"
                },
                {
                    "_id": 42,
                    "consumption_ktoe": "21.7",
                    "energy_products": "Petroleum Products",
                    "sector": "Households",
                    "year": "2010"
                },
                {
                    "_id": 43,
                    "consumption_ktoe": "5.9",
                    "energy_products": "Coal and Peat",
                    "sector": "Industry-related",
                    "year": "2010"
                },
                {
                    "_id": 44,
                    "consumption_ktoe": "0",
                    "energy_products": "Crude Oil",
                    "sector": "Industry-related",
                    "year": "2010"
                },
                {
                    "_id": 45,
                    "consumption_ktoe": "1518.7",
                    "energy_products": "Electricity",
                    "sector": "Industry-related",
                    "year": "2010"
                },
                {
                    "_id": 231,
                    "consumption_ktoe": "24.1",
                    "energy_products": "Electricity",
                    "sector": "Others",
                    "year": "2016"
                },
                {
                    "_id": 46,
                    "consumption_ktoe": "974.5",
                    "energy_products": "Natural Gas",
                    "sector": "Industry-related",
                    "year": "2010"
                },
                {
                    "_id": 47,
                    "consumption_ktoe": "0",
                    "energy_products": "Others",
                    "sector": "Industry-related",
                    "year": "2010"
                },
                {
                    "_id": 48,
                    "consumption_ktoe": "5465.2",
                    "energy_products": "Petroleum Products",
                    "sector": "Industry-related",
                    "year": "2010"
                },
                {
                    "_id": 49,
                    "consumption_ktoe": "0",
                    "energy_products": "Coal and Peat",
                    "sector": "Others",
                    "year": "2010"
                },
                {
                    "_id": 50,
                    "consumption_ktoe": "0",
                    "energy_products": "Crude Oil",
                    "sector": "Others",
                    "year": "2010"
                },
                {
                    "_id": 51,
                    "consumption_ktoe": "33.1",
                    "energy_products": "Electricity",
                    "sector": "Others",
                    "year": "2010"
                },
                {
                    "_id": 52,
                    "consumption_ktoe": "0.8",
                    "energy_products": "Natural Gas",
                    "sector": "Others",
                    "year": "2010"
                },
                {
                    "_id": 53,
                    "consumption_ktoe": "0",
                    "energy_products": "Others",
                    "sector": "Others",
                    "year": "2010"
                },
                {
                    "_id": 54,
                    "consumption_ktoe": "0",
                    "energy_products": "Petroleum Products",
                    "sector": "Others",
                    "year": "2010"
                },
                {
                    "_id": 55,
                    "consumption_ktoe": "0",
                    "energy_products": "Coal and Peat",
                    "sector": "Transport-related",
                    "year": "2010"
                },
                {
                    "_id": 56,
                    "consumption_ktoe": "0",
                    "energy_products": "Crude Oil",
                    "sector": "Transport-related",
                    "year": "2010"
                },
                {
                    "_id": 57,
                    "consumption_ktoe": "180.5",
                    "energy_products": "Electricity",
                    "sector": "Transport-related",
                    "year": "2010"
                },
                {
                    "_id": 58,
                    "consumption_ktoe": "20.8",
                    "energy_products": "Natural Gas",
                    "sector": "Transport-related",
                    "year": "2010"
                },
                {
                    "_id": 59,
                    "consumption_ktoe": "0",
                    "energy_products": "Others",
                    "sector": "Transport-related",
                    "year": "2010"
                },
                {
                    "_id": 60,
                    "consumption_ktoe": "2219.1",
                    "energy_products": "Petroleum Products",
                    "sector": "Transport-related",
                    "year": "2010"
                },
                {
                    "_id": 61,
                    "consumption_ktoe": "0",
                    "energy_products": "Coal and Peat",
                    "sector": "Commerce and Services-related",
                    "year": "2011"
                },
                {
                    "_id": 62,
                    "consumption_ktoe": "0",
                    "energy_products": "Crude Oil",
                    "sector": "Commerce and Services-related",
                    "year": "2011"
                },
                {
                    "_id": 63,
                    "consumption_ktoe": "1365.1",
                    "energy_products": "Electricity",
                    "sector": "Commerce and Services-related",
                    "year": "2011"
                },
                {
                    "_id": 64,
                    "consumption_ktoe": "82.4",
                    "energy_products": "Natural Gas",
                    "sector": "Commerce and Services-related",
                    "year": "2011"
                },
                {
                    "_id": 65,
                    "consumption_ktoe": "0",
                    "energy_products": "Others",
                    "sector": "Commerce and Services-related",
                    "year": "2011"
                },
                {
                    "_id": 66,
                    "consumption_ktoe": "68.9",
                    "energy_products": "Petroleum Products",
                    "sector": "Commerce and Services-related",
                    "year": "2011"
                },
                {
                    "_id": 67,
                    "consumption_ktoe": "0",
                    "energy_products": "Coal and Peat",
                    "sector": "Households",
                    "year": "2011"
                },
                {
                    "_id": 68,
                    "consumption_ktoe": "0",
                    "energy_products": "Crude Oil",
                    "sector": "Households",
                    "year": "2011"
                },
                {
                    "_id": 69,
                    "consumption_ktoe": "557.4",
                    "energy_products": "Electricity",
                    "sector": "Households",
                    "year": "2011"
                },
                {
                    "_id": 70,
                    "consumption_ktoe": "55.2",
                    "energy_products": "Natural Gas",
                    "sector": "Households",
                    "year": "2011"
                },
                {
                    "_id": 71,
                    "consumption_ktoe": "0",
                    "energy_products": "Others",
                    "sector": "Households",
                    "year": "2011"
                },
                {
                    "_id": 72,
                    "consumption_ktoe": "24.8",
                    "energy_products": "Petroleum Products",
                    "sector": "Households",
                    "year": "2011"
                },
                {
                    "_id": 73,
                    "consumption_ktoe": "5.7",
                    "energy_products": "Coal and Peat",
                    "sector": "Industry-related",
                    "year": "2011"
                },
                {
                    "_id": 74,
                    "consumption_ktoe": "0",
                    "energy_products": "Crude Oil",
                    "sector": "Industry-related",
                    "year": "2011"
                },
                {
                    "_id": 75,
                    "consumption_ktoe": "1554.4",
                    "energy_products": "Electricity",
                    "sector": "Industry-related",
                    "year": "2011"
                },
                {
                    "_id": 76,
                    "consumption_ktoe": "1019.7",
                    "energy_products": "Natural Gas",
                    "sector": "Industry-related",
                    "year": "2011"
                },
                {
                    "_id": 77,
                    "consumption_ktoe": "0",
                    "energy_products": "Others",
                    "sector": "Industry-related",
                    "year": "2011"
                },
                {
                    "_id": 78,
                    "consumption_ktoe": "5153.4",
                    "energy_products": "Petroleum Products",
                    "sector": "Industry-related",
                    "year": "2011"
                },
                {
                    "_id": 79,
                    "consumption_ktoe": "0",
                    "energy_products": "Coal and Peat",
                    "sector": "Others",
                    "year": "2011"
                },
                {
                    "_id": 80,
                    "consumption_ktoe": "0",
                    "energy_products": "Crude Oil",
                    "sector": "Others",
                    "year": "2011"
                },
                {
                    "_id": 81,
                    "consumption_ktoe": "29.8",
                    "energy_products": "Electricity",
                    "sector": "Others",
                    "year": "2011"
                },
                {
                    "_id": 82,
                    "consumption_ktoe": "0.8",
                    "energy_products": "Natural Gas",
                    "sector": "Others",
                    "year": "2011"
                },
                {
                    "_id": 83,
                    "consumption_ktoe": "0",
                    "energy_products": "Others",
                    "sector": "Others",
                    "year": "2011"
                },
                {
                    "_id": 84,
                    "consumption_ktoe": "0",
                    "energy_products": "Petroleum Products",
                    "sector": "Others",
                    "year": "2011"
                },
                {
                    "_id": 85,
                    "consumption_ktoe": "0",
                    "energy_products": "Coal and Peat",
                    "sector": "Transport-related",
                    "year": "2011"
                },
                {
                    "_id": 86,
                    "consumption_ktoe": "0",
                    "energy_products": "Crude Oil",
                    "sector": "Transport-related",
                    "year": "2011"
                },
                {
                    "_id": 87,
                    "consumption_ktoe": "191.2",
                    "energy_products": "Electricity",
                    "sector": "Transport-related",
                    "year": "2011"
                },
                {
                    "_id": 88,
                    "consumption_ktoe": "25.9",
                    "energy_products": "Natural Gas",
                    "sector": "Transport-related",
                    "year": "2011"
                },
                {
                    "_id": 89,
                    "consumption_ktoe": "0",
                    "energy_products": "Others",
                    "sector": "Transport-related",
                    "year": "2011"
                },
                {
                    "_id": 90,
                    "consumption_ktoe": "2366.9",
                    "energy_products": "Petroleum Products",
                    "sector": "Transport-related",
                    "year": "2011"
                },
                {
                    "_id": 91,
                    "consumption_ktoe": "0",
                    "energy_products": "Coal and Peat",
                    "sector": "Commerce and Services-related",
                    "year": "2012"
                },
                {
                    "_id": 232,
                    "consumption_ktoe": "2.6",
                    "energy_products": "Natural Gas",
                    "sector": "Others",
                    "year": "2016"
                },
                {
                    "_id": 92,
                    "consumption_ktoe": "0",
                    "energy_products": "Crude Oil",
                    "sector": "Commerce and Services-related",
                    "year": "2012"
                },
                {
                    "_id": 93,
                    "consumption_ktoe": "1407.2",
                    "energy_products": "Electricity",
                    "sector": "Commerce and Services-related",
                    "year": "2012"
                },
                {
                    "_id": 94,
                    "consumption_ktoe": "82.5",
                    "energy_products": "Natural Gas",
                    "sector": "Commerce and Services-related",
                    "year": "2012"
                },
                {
                    "_id": 95,
                    "consumption_ktoe": "0",
                    "energy_products": "Others",
                    "sector": "Commerce and Services-related",
                    "year": "2012"
                },
                {
                    "_id": 96,
                    "consumption_ktoe": "68.3",
                    "energy_products": "Petroleum Products",
                    "sector": "Commerce and Services-related",
                    "year": "2012"
                },
                {
                    "_id": 97,
                    "consumption_ktoe": "0",
                    "energy_products": "Coal and Peat",
                    "sector": "Households",
                    "year": "2012"
                },
                {
                    "_id": 98,
                    "consumption_ktoe": "0",
                    "energy_products": "Crude Oil",
                    "sector": "Households",
                    "year": "2012"
                }
            ],
            "resource_id": "91b1a472-6325-4070-8c34-96f9a07e830f",
            "total": 330
        },
        "success": true
    }
]