consumption_ktoe,energy_products,sector,year
0,Coal and Peat,Commerce and Services-related,2009
0,Crude Oil,Commerce and Services-related,2009
1272.6,Electricity,Commerce and Services-related,2009
72.9,Natural Gas,Commerce and Services-related,2009
0,Others,Commerce and Services-related,2009
78.5,Petroleum Products,Commerce and Services-related,2009
0,Coal and Peat,Households,2009
0,Crude Oil,Households,2009
552.9,Electricity,Households,2009
54,Natural Gas,Households,2009
0,Others,Households,2009
25.3,Petroleum Products,Households,2009
3,Coal and Peat,Industry-related,2009
0,Crude Oil,Industry-related,2009
1338.8,Electricity,Industry-related,2009
726.4,Natural Gas,Industry-related,2009
0,Others,Industry-related,2009
4177.7,Petroleum Products,Industry-related,2009
0,Coal and Peat,Others,2009
0,Crude Oil,Others,2009
35.6,Electricity,Others,2009
0.8,Natural Gas,Others,2009
0,Others,Others,2009
0,Petroleum Products,Others,2009
0,Coal and Peat,Transport-related,2009
0,Crude Oil,Transport-related,2009
138.2,Electricity,Transport-related,2009
13.7,Natural Gas,Transport-related,2009
0,Others,Transport-related,2009
2193.3,Petroleum Products,Transport-related,2009
0,Coal and Peat,Commerce and Services-related,2010
0,Crude Oil,Commerce and Services-related,2010
1330.2,Electricity,Commerce and Services-related,2010
78.3,Natural Gas,Commerce and Services-related,2010
0,Others,Commerce and Services-related,2010
84.2,Petroleum Products,Commerce and Services-related,2010
0,Coal and Peat,Households,2010
0,Crude Oil,Households,2010
570.6,Electricity,Households,2010
53.9,Natural Gas,Households,2010
0,Others,Households,2010
21.7,Petroleum Products,Households,2010
5.9,Coal and Peat,Industry-related,2010
0,Crude Oil,Industry-related,2010
1518.7,Electricity,Industry-related,2010
24.1,Electricity,Others,2016
974.5,Natural Gas,Industry-related,2010
0,Others,Industry-related,2010
5465.2,Petroleum Products,Industry-related,2010
0,Coal and Peat,Others,2010
0,Crude Oil,Others,2010
33.1,Electricity,Others,2010
0.8,Natural Gas,Others,2010
0,Others,Others,2010
0,Petroleum Products,Others,2010
0,Coal and Peat,Transport-related,2010
0,Crude Oil,Transport-related,2010
180.5,Electricity,Transport-related,2010
20.8,Natural Gas,Transport-related,2010
0,Others,Transport-related,2010
2219.1,Petroleum Products,Transport-related,2010
0,Coal and Peat,Commerce and Services-related,2011
0,Crude Oil,Commerce and Services-related,2011
1365.1,Electricity,Commerce and Services-related,2011
82.4,Natural Gas,Commerce and Services-related,2011
0,Others,Commerce and Services-related,2011
68.9,Petroleum Products,Commerce and Services-related,2011
0,Coal and Peat,Households,2011
0,Crude Oil,Households,2011
557.4,Electricity,Households,2011
55.2,Natural Gas,Households,2011
0,Others,Households,2011
24.8,Petroleum Products,Households,2011
5.7,Coal and Peat,Industry-related,2011
0,Crude Oil,Industry-related,2011
1554.4,Electricity,Industry-related,2011
1019.7,Natural Gas,Industry-related,2011
0,Others,Industry-related,2011
5153.4,Petroleum Products,Industry-related,2011
0,Coal and Peat,Others,2011
0,Crude Oil,Others,2011
29.8,Electricity,Others,2011
0.8,Natural Gas,Others,2011
0,Others,Others,2011
0,Petroleum Products,Others,2011
0,Coal and Peat,Transport-related,2011
0,Crude Oil,Transport-related,2011
191.2,Electricity,Transport-related,2011
25.9,Natural Gas,Transport-related,2011
0,Others,Transport-related,2011
2366.9,Petroleum Products,Transport-related,2011
0,Coal and Peat,Commerce and Services-related,2012
2.6,Natural Gas,Others,2016
0,Crude Oil,Commerce and Services-related,2012
1407.2,Electricity,Commerce and Services-related,2012
82.5,Natural Gas,Commerce and Services-related,2012
0,Others,Commerce and Services-related,2012
68.3,Petroleum Products,Commerce and Services-related,2012
0,Coal and Peat,Households,2012
0,Crude Oil,Households,2012
